name	season
ライブオン CARDLIVER 翔	2008年秋
てんぷる	2023年
ぐんまちゃん シーズン2	2023年春
ひろがるスカイ！プリキュア	2023年冬
ゾン100～ゾンビになるまでにしたい100のこと～	2023年夏
ひきこまり吸血姫の悶々	2023年
Call Star -ボクは本当にダメな星？-	2023年冬
夜桜さんちの大作戦	2024年
カワイスギクライシス	2023年春
道産子ギャルはなまらめんこい	2023年
「FLAGLIA」～なつやすみの物語～	2023年冬
おかしな転生	2023年夏
万聖街 (日本語吹替版)	2022年秋
私の推しは悪役令嬢。	2023年
魔術士オーフェンはぐれ旅 アーバンラマ編	2023年冬
ワールドダイスター	2023年春
ブルバスター	2023年
夢見る男子は現実主義者	2023年
デッドマウント・デスプレイ	2023年春
事情を知らない転校生がグイグイくる。	2023年
絆のアリル	2023年
UniteUp!	2023年冬
悲劇の元凶となる最強外道ラスボス女王は民の為に尽くします。	2023年夏
とんでもスキルで異世界放浪メシ	2023年冬
Buddy Daddies	2023年冬
強くてニューサーガ	2023年夏
天国大魔境	2023年
ジョジョの奇妙な冒険 ストーンオーシャン 第3期	2023年冬
がんばれ！長州くん	2022年夏
REVENGER	2023年冬
ダンジョンに出会いを求めるのは間違っているだろうか IV 深章 厄災篇	2023年冬
アルスの巨獣	2023年冬
山田くんとLv999の恋をする	2023年春
Fate/strange Fake -Whispers of Dawn-	2023年夏
女体化した僕を騎士様達がねらってます	2022年秋
にじよん あにめーしょん	2023年冬
女神のカフェテラス	2023年春
ティアムーン帝国物語～断頭台から始まる、姫の転生逆転ストーリー～	2023年
魔法使いの嫁 SEASON2	2023年春
機動戦士ガンダム 水星の魔女 PROLOGUE	2022年夏
齢5000年の草食ドラゴン、いわれなき邪竜認定	2023年冬
アンデッドアンラック	2023年
ツルネ ―つながりの一射―	2023年冬
転生王女と天才令嬢の魔法革命	2023年冬
ベルセルク 黄金時代篇 MEMORIAL EDITION	2022年秋
ハーレムきゃんぷっ！	2022年秋
王様ランキング 勇気の宝箱	2023年春
転生貴族の異世界冒険録～自重を知らない神々の使徒～	2023年春
僕の心のヤバイやつ	2023年春
ダークギャザリング	2023年夏
老後に備えて異世界で8万枚の金貨を貯めます	2023年冬
解雇された暗黒兵士 (30代) のスローなセカンドライフ	2023年冬
ある朝、ダミーヘッドマイクになっていた俺クンの人生	2022年秋
シャングリラ・フロンティア	2023年
彼女が公爵邸に行った理由	2023年春
トモちゃんは女の子！	2023年冬
マッシュル-MASHLE-	2023年春
ノケモノたちの夜	2023年冬
SPY×FAMILY 第2クール	2022年秋
マイホームヒーロー	2023年春
ぷれぷれぷれあです4	2022年夏
アキバ冥途戦争	2022年秋
メガトン級ムサシ シーズン1特別篇	2022年夏
氷属性男子とクールな同僚女子	2023年冬
TRIGUN STAMPEDE	2023年冬
白聖女と黒牧師	2023年春
5億年ボタン【公式】～菅原そうたのショートショート～	2022年夏
勇者パーティーを追放されたビーストテイマー、最強種の猫耳少女と出会う	2022年秋
【推しの子】	2023年春
PUI PUI モルカー DRIVING SCHOOL	2022年秋
僕とロボコ	2022年秋
咲う アルスノトリア すんっ！	2022年夏
最近雇ったメイドが怪しい	2022年夏
私の百合はお仕事です！	2023年春
久保さんは僕を許さない	2023年冬
KJファイル	2022年夏
冰剣の魔術師が世界を統べる 〜世界最強の魔術師である少年は、魔術学院に入学する〜	2023年冬
おとなりに銀河	2023年
神無き世界のカミサマ活動	2023年
クールドジ男子	2022年秋
お兄ちゃんはおしまい！	2023年冬
異世界はスマートフォンとともに。2	2023年春
D4DJ All Mix	2023年冬
アイドルマスター シンデレラガールズ U149	2023年春
進撃の巨人 The Final Season 完結編（前編）	2023年冬
4人はそれぞれウソをつく	2022年秋
政宗くんのリベンジR	2023年春
真・進化の実 ～知らないうちに勝ち組人生～	2023年冬
彗星のフロイライン 〜プロローグ〜	2022年春
ジョジョの奇妙な冒険 ストーンオーシャン 第2期	2022年秋
Engage Kiss	2022年夏
Opus.COLORs	2023年
恋愛フロップス	2022年秋
RWBY 氷雪帝国	2022年夏
ブッチギレ！	2022年夏
オリエント 第2クール「淡路島激闘編」	2022年夏
ラグナクリムゾン	2023年
少女ヴァニーユ カリブの島で大冒険	2022年冬
永久少年 Eternal Boys	2022年秋
犬になったら好きな人に拾われた。	2023年冬
D4DJ Double Mix	2022年夏
スパイ教室	2023年冬
不徳のギルド	2022年秋
異世界ワンターンキル姉さん ～姉同伴の異世界生活はじめました～	2023年
金装のヴェルメイユ ～崖っぷち魔術師は最強の厄災と魔法世界を突き進む～	2022年夏
聖女の魔力は万能です Season2	2023年
HIGH CARD	2023年冬
キャップ革命 ボトルマンDX	2022年春
農民関連のスキルばっか上げてたら何故か強くなった。	2022年秋
NieR:Automata Ver1.1a	2023年冬
ユーレイデコ	2022年夏
忍の一時	2022年秋
デュエル・マスターズ キングMAX	2022年春
黒の召喚士	2022年夏
Extreme Hearts	2022年夏
おにぱん！	2022年春
最強陰陽師の異世界転生記	2023年冬
ちみも	2022年夏
虫かぶり姫	2022年秋
プリマドール	2022年夏
惑星のさみだれ	2022年夏
大雪海のカイナ	2023年冬
エスタブライフ グレイトエスケープ	2022年春
便利屋斎藤さん、異世界に行く	2023年冬
君は放課後インソムニア	2023年春
じゃんたま PONG☆	2022年春
てっぺんっ!!!!!!!!!!!!!!!	2022年夏
お隣の天使様にいつの間にか駄目人間にされていた件	2023年冬
うる星やつら (2022)	2022年秋
リコリス・リコイル	2022年夏
境界戦機 第二部	2022年春
かぎなど シーズン2	2022年春
ツンデレ悪役令嬢リーゼロッテと実況の遠藤くんと解説の小林さん	2023年冬
マブラヴ オルタネイティヴ 第2期	2022年秋
古見さんは、コミュ症です。2期	2022年春
吸血鬼すぐ死ぬ2	2023年冬
Dr.STONE 龍水	2022年夏
あやかしトライアングル	2023年冬
後宮の烏	2022年秋
豚のレバーは加熱しろ	2023年
メガトン級ムサシ シーズン2	2022年秋
弱虫ペダル LIMIT BREAK	2022年秋
ゴールデンカムイ 第4期	2022年秋
ニンジャラ	2022年冬
ガル学。Ⅱ～Lucky Stars～	2022年冬
英雄王、武を極めるため転生す ～そして、世界最強の見習い騎士♀～	2023年冬
デリシャスパーティ♡プリキュア	2022年冬
神クズ☆アイドル	2022年夏
乙女ゲー世界はモブに厳しい世界です	2022年春
八十亀ちゃんかんさつにっき 4さつめ	2022年春
夫婦以上、恋人未満。	2022年秋
しょうたいむ！2 ～歌のお姉さんだってしたい～	2023年冬
僕のヒーローアカデミア (第6期)	2022年秋
魔都精兵のスレイブ	2023年
インセクトランド	2022年春
もののがたり	2023年冬
パリピ孔明	2022年春
シュート！Goal to the Future	2022年夏
時光代理人 -LINK CLICK-	2022年冬
よふかしのうた	2022年夏
ピーター・グリルと賢者の時間 Super Extra	2022年秋
くノ一ツバキの胸の内	2022年春
文豪ストレイドッグス (第4期)	2023年冬
トニカクカワイイ 第2期	2023年
悪役令嬢なのでラスボスを飼ってみました	2022年秋
シュガーアップル・フェアリーテイル	2023年冬
トモダチゲーム	2022年春
オンエアできない！	2022年冬
SPY×FAMILY	2022年春
イロドリミドリ	2022年冬
3秒後､野獣｡～合コンで隅にいた彼は淫らな肉食でした	2022年春
ちいかわ	2022年春
BIRDIE WING -Golf Girls' Story-	2022年春
シャインポスト	2022年夏
空色ユーティリティ	2021年秋
アークナイツ【黎明前奏/PRELUDE TO DAWN】	2022年秋
東京24区	2022年冬
ラブライブ！スーパースター!! 2期	2022年夏
イジらないで、長瀞さん 2nd Attack	2023年冬
リーマンズクラブ	2022年冬
勇者、辞めます	2022年春
モブサイコ100 III	2022年秋
キングダム 第4シリーズ	2022年春
新テニスの王子様 U-17 WORLD CUP	2022年夏
シャドウバースF	2022年春
ミラキュラス・ワールド／ニューヨーク ユナイテッド・ヒーローズ	2021年冬
闘神機ジーズフレーム	2021年秋
名探偵コナン 犯人の犯沢さん	2022年秋
名探偵コナン ゼロの日常 (ティータイム)	2022年春
トライブナイン	2022年冬
現実主義勇者の王国再建記 第二部	2022年冬
森のくまさん、冬眠中。	2022年夏
王子の本命は悪役令嬢	2022年冬
人間不信の冒険者たちが世界を救うようです	2023年冬
英雄教室	2023年
転生したら剣でした	2022年秋
新米錬金術師の店舗経営	2022年秋
ブラック★★ロックシューター DAWN FALL	2022年春
機動戦士ガンダム 水星の魔女 Season1	2022年秋
魔入りました！入間くん 第3シリーズ	2022年秋
カードファイト!! ヴァンガード overDress Season2	2021年秋
シャドーハウス 2nd Season	2022年夏
組長娘と世話係	2022年夏
平家物語	2022年冬
からかい上手の高木さん3	2022年冬
不滅のあなたへ Season2	2022年秋
ヒロインたるもの！～嫌われヒロインと内緒のお仕事～	2022年春
群青のファンファーレ	2022年春
キミとフィットボクシング	2021年秋
しょうたいむ！～歌のお姉さんだってしたい	2021年秋
The Legend of Heroes 閃の軌跡 Northern War	2023年冬
ブルーロック	2022年秋
ハナビちゃんは遅れがち	2022年夏
ラブオールプレー	2022年春
永遠の831	2022年冬
うちの師匠はしっぽがない	2022年秋
幻想三國誌 -天元霊心記-	2022年冬
阿波連さんははかれない	2022年春
デジモンゴーストゲーム	2021年秋
ハコヅメ ～交番女子の逆襲～	2022年冬
でーじミーツガール	2021年秋
令和のデ・ジ・キャラット	2022年秋
継母の連れ子が元カノだった	2022年夏
サマータイムレンダ	2022年春
メガトン級ムサシ	2021年秋
異世界薬局	2022年夏
真・一騎当千	2022年春
異世界チート魔術師 第13話「宵星の祭りと魔術師」	2021年夏
もういっぽん！	2023年冬
ヴィンランド・サガ  SEASON2	2023年冬
怪人開発部の黒井津さん	2022年冬
社畜さんは幼女幽霊に癒されたい。	2022年春
逆転世界ノ電池少女	2021年秋
ぐんまちゃん	2021年秋
86―エイティシックス― 第2クール	2021年秋
Deep Insanity THE LOST CHILD	2021年秋
聖剣伝説 LEGEND OF MANA -The Teardrop Crystal-	2022年秋
かぎなど	2021年秋
ワッチャプリマジ！	2021年秋
やくならマグカップも 二番窯	2021年秋
異世界おじさん	2022年夏
海賊王女	2021年秋
D_CIDE TRAUMEREI THE ANIMATION	2021年夏
KICK&SLIDE	2021年夏
プリティーオールフレンズセレクション	2021年春
アオアシ	2022年春
ヘアピンダブル	2022年冬
神達に拾われた男2	2023年冬
ルパン三世 PART6	2021年秋
異世界美少女受肉おじさんと	2022年冬
魔法少女マジカルデストロイヤーズ	2023年春
古見さんは、コミュ症です。	2021年秋
オーバーロードⅣ	2022年夏
天官賜福	2021年夏
であいもん	2022年春
ビルディバイド -#FFFFFF-	2022年春
ビルディバイド -#000000-	2021年秋
骸骨騎士様、只今異世界へお出掛け中	2022年春
ダンス・ダンス・ダンスール	2022年春
テスラノート	2021年秋
カッコウの許嫁	2022年春
恋は世界征服のあとで	2022年春
ライアー・ライアー	2023年
進撃の巨人 The Final Season Part.2	2022年冬
魔法使い黎明期	2022年春
180秒で君の耳を幸せにできるか？	2021年秋
ヒーラー・ガール	2022年春
Sonny Boy	2021年夏
異世界食堂2	2021年秋
最果てのパラディン	2021年秋
ジャヒー様はくじけない！	2021年夏
その着せ替え人形は恋をする	2022年冬
このヒーラー、めんどくさい	2022年春
グリム名作劇場	1987年秋
女王陛下のプティアンジェ	1977年秋
ジョジョの奇妙な冒険 ストーンオーシャン	2022年冬
ピノキオより ピコリーノの冒険	1976年春
悪魔島のプリンス 三つ目がとおる	1985年夏
リトル・エル・シドの冒険	1984年冬
愛の学校 クオレ物語	1981年春
大自然の魔獣 バギ	1984年夏
シートン動物記 くまの子ジャッキー	1977年春
まえがみ太郎	1979年
大雪山の勇者 牙王	1978年夏
ワールドトリガー 3rdシーズン	2021年秋
無職転生 ～異世界行ったら本気だす～  第2部	2021年秋
ピクシー・ホロウ・ゲームズ 妖精たちの祭典	2011年秋
ヴィジュアルプリズン	2021年秋
takt op.Destiny	2021年秋
明日ちゃんのセーラー服	2022年冬
ドールズフロントライン	2022年冬
Do It Yourself!! -どぅー・いっと・ゆあせるふ-	2022年秋
半妖の夜叉姫 -戦国御伽草子- 弐の章	2021年秋
SCARLET NEXUS	2021年夏
見える子ちゃん	2021年秋
境界戦機	2021年秋
史上最強の大魔王、村人Aに転生する	2022年春
錆喰いビスコ	2022年冬
魔王学院の不適合者Ⅱ ～史上最強の魔王の始祖、転生して子孫たちの学校へ通う～ part1	2023年冬
RE-MAIN	2021年夏
RPG不動産	2022年春
陰の実力者になりたくて！	2022年秋
世界最高の暗殺者、異世界貴族に転生する	2021年秋
魔王イブロギアに身を捧げよ	2021年秋
フットサルボーイズ!!!!!	2022年冬
俺、つしま	2021年夏
リアデイルの大地にて	2022年冬
ぼっち・ざ・ろっく！	2022年秋
ブレイブ・リトル・トースター	1993年春
ひぐらしのなく頃に卒	2021年夏
大家さんと僕 シーズン3	2021年春
赤ちゃん本部長	2021年春
マシンロボ ぶっちぎりバトルハッカーズ	1987年春
ヤマノススメ Next Summit	2022年秋
月とライカと吸血姫	2021年秋
BLUE REFLECTION RAY/澪	2021年春
擾乱 THE PRINCESS OF SNOW AND BLOOD	2021年春
Thunderbolt Fantasy 東離劍遊紀 3	2021年春
はたらく魔王さま！！	2022年夏
マジカパーティ	2021年春
魔法科高校の劣等生 追憶編	2021年秋
探偵はもう、死んでいる。	2021年夏
黒ギャルになったから親友としてみた。	2021年春
鬼滅の刃 遊郭編 (2期)	2021年秋
iiiあいすくりん	2021年春
東京ミュウミュウ にゅ～♡	2022年夏
セブンナイツ レボリューション -英雄の継承者-	2021年春
死神坊ちゃんと黒メイド	2021年夏
オリエント	2022年冬
最遊記RELOAD -ZEROIN-	2022年冬
白い砂のアクアトープ	2021年夏
Vivy -Fluorite Eye's Song-	2021年春
オッドタクシー	2021年春
ブルーピリオド	2021年秋
贄姫と獣の王	2023年春
NOMAD メガロボクス2	2021年春
結城友奈は勇者である ちゅるっと！	2021年春
天才王子の赤字国家再生術	2022年冬
転生賢者の異世界ライフ～第二の職業を得て、世界最強になりました～	2022年夏
失格紋の最強賢者	2022年冬
処刑少女の生きる道	2022年春
ダンジョンに出会いを求めるのは間違っているだろうか IV 新章 迷宮篇	2022年夏
進化の実～知らないうちに勝ち組人生～	2021年秋
アイドリッシュセブン Third BEAT! 第2クール	2022年秋
地獄楽	2023年春
カードファイト!! ヴァンガード overDress	2021年春
新幹線変形ロボ シンカリオンZ THE ANIMATION	2021年春
PUI PUI モルカー	2021年冬
それでも歩は寄せてくる	2022年夏
スローループ	2022年冬
くまクマ熊ベアーぱーんち！	2023年春
大正オトメ御伽話	2021年秋
プラチナエンド	2021年秋
100万の命の上に俺は立っている 第2シーズン	2021年夏
チェンソーマン	2022年秋
可愛いだけじゃない式守さん	2022年春
ダイナ荘びより	2021年春
アイドリッシュセブン Third BEAT! 第1クール	2021年夏
魔法科高校の優等生	2021年夏
アリスインデッドリースクール	2021年冬
月が導く異世界道中	2021年夏
出会って5秒でバトル	2021年夏
プレイタの傷	2021年冬
異世界迷宮でハーレムを	2022年夏
究極進化したフルダイブRPGが現実よりもクソゲーだったら	2021年春
SELECTION PROJECT	2021年秋
プラオレ！～PRIDE OF ORANGE～	2021年秋
さんかく窓の外側は夜	2021年秋
殺し愛	2022年冬
カノジョも彼女	2021年夏
真の仲間じゃないと勇者のパーティーを追い出されたので、辺境でスローライフすることにしました	2021年秋
WAVE!!～サーフィンやっぺ!!～	2021年冬
虚構推理 Season2	2023年冬
佐々木と宮野	2022年冬
じみへんっ!! ～地味子を変えちゃう純異性交遊～	2021年冬
ミュークルドリーミー みっくす！	2021年春
アイカツプラネット！	2021年冬
精霊幻想記	2021年夏
かげきしょうじょ!!	2021年夏
CUE!	2022年冬
バクテン!!	2021年春
火狩りの王	2023年冬
セスタス -The Roman Fighter-	2021年春
NIGHT HEAD 2041	2021年夏
マブラヴ オルタネイティヴ	2021年秋
ゲッターロボ アーク	2021年夏
かぐや様は告らせたい-ウルトラロマンティック-	2022年春
アイドールズ！	2021年冬
邪神ちゃんドロップキックX	2022年夏
幼なじみが絶対に負けないラブコメ	2021年春
憂国のモリアーティ 2クール目	2021年春
ゴジラ S.P <シンギュラポイント>	2021年春
シャドーハウス	2021年春
理系が恋に落ちたので証明してみた。r=1-sinθ	2022年春
宇崎ちゃんは遊びたい！ω	2022年秋
チエちゃん奮戦記 じゃりン子チエ	1991年秋
彼女、お借りします 第2期	2022年夏
ウマ娘 プリティーダービー Season 2	2021年冬
フルーツバスケット The Final	2021年春
闘士ゴーディアン	1979年秋
裏世界ピクニック	2021年冬
薔薇王の葬列	2022年冬
ホリミヤ	2021年冬
ゲキドル	2021年冬
さよなら私のクラマー	2021年春
怪病医ラムネ	2021年冬
SK∞ エスケーエイト	2021年冬
聖女の魔力は万能です	2021年春
まちカドまぞく 2丁目	2022年春
NOBLESSE -ノブレス-	2020年秋
バトルアスリーテス大運動会 ReSTART!	2021年春
かえるのピクルス -きもちのいろ-	2020年秋
プリンセスコネクト！Re:Dive Season 2	2022年冬
体操ザムライ	2020年秋
やくならマグカップも	2021年春
秘密結社 鷹の爪 ～ゴールデン・スペル～	2020年秋
どすこい すしずもう	2021年春
平穏世代の韋駄天達	2021年夏
本好きの下剋上 司書になるためには手段を選んでいられません 第3期	2022年春
ワールドウィッチーズ発進しますっ！	2021年冬
アニメ カピバラさん	2020年秋
オオカミさんは食べられたい	2020年夏
ましろのおと	2021年春
ピーチボーイリバーサイド	2021年夏
結城友奈は勇者である 大満開の章	2021年秋
迷宮ブラックカンパニー	2021年夏
アイドルマスター ミリオンライブ！	2023年秋
灼熱カバディ	2021年春
2.43 清陰高校男子バレー部	2021年冬
東京リベンジャーズ	2021年春
文豪ストレイドッグス わん！	2021年冬
天地創造デザイン部	2021年冬
ふしぎ駄菓子屋 銭天堂	2020年夏
すばらしきこのせかい The Animation	2021年春
イジらないで、長瀞さん	2021年春
先輩がうざい後輩の話	2021年秋
乙女ゲームの破滅フラグしかない悪役令嬢に転生してしまった…X	2021年夏
SHAMAN KING	2021年春
EDENS ZERO	2021年春
Re:ゼロから始める異世界生活 2ndシーズン 第2部	2021年冬
ステイングベイビーズ	2020年春
大家さんと僕 シーズン2	2020年春
賢者の弟子を名乗る賢者	2022年冬
きみのおうちへ	2008年秋
チート薬師のスローライフ ～異世界に作ろうドラッグストア～	2021年夏
女神寮の寮母くん。	2021年夏
トムとジェリー ショー3	2020年冬
超普通都市カシワ伝説R	2020年夏
吸血鬼すぐ死ぬ	2021年秋
俺だけ入れる隠しダンジョン	2021年冬
終末のハーレム	2022年冬
半妖の夜叉姫 -戦国御伽草子-	2020年秋
神様になった日	2020年秋
キングスレイド 意志を継ぐものたち	2020年秋
THE GOD OF HIGH SCHOOL ゴッド・オブ・ハイスクール	2020年夏
いわかける！ -Sport Climbing Girls-	2020年秋
禍つヴァールハイト -ZUERST-	2020年秋
レヱル・ロマネスク	2020年秋
はたらく細胞BLACK	2021年冬
異世界魔王と召喚少女の奴隷魔術Ω	2021年春
無能なナナ	2020年秋
現実主義勇者の王国再建記	2021年夏
キラッとプリ☆チャン シーズン3	2020年春
GETUP! GETLIVE! #げらげら	2020年夏
舞妓さんちのまかないさん	2021年冬
魔術士オーフェンはぐれ旅 キムラック編	2021年冬
ハイキュー!! TO THE TOP 第2クール	2020年秋
僕のヒーローアカデミア (第5期)	2021年春
アサティール 未来の昔ばなし	2020年春
転生したらスライムだった件 第2期 第2部	2021年夏
マギアレコード 魔法少女まどか☆マギカ外伝 2nd SEASON ‐覚醒前夜‐	2021年夏
WIXOSS DIVA(A)LIVE	2021年冬
痛いのは嫌なので防御力に極振りしたいと思います。2	2023年冬
七つの大罪 憤怒の審判	2021年冬
BLEACH 千年血戦篇	2022年秋
ひぐらしのなく頃に業	2020年秋
転生したらスライムだった件 転スラ日記	2021年春
巨人族の花嫁	2020年夏
86―エイティシックス―	2021年春
戦闘員、派遣します！	2021年春
おちゃのじかんのじかんにきたとら	2019年秋
デート・ア・ライブⅣ	2022年春
アクダマドライブ	2020年秋
ガル学。～聖ガールズスクエア学院～	2020年春
100万の命の上に俺は立っている	2020年秋
トニカクカワイイ	2020年秋
魔入りました！入間くん 第2シリーズ	2021年春
戦翼のシグルドリーヴァ	2020年秋
俺の指で乱れろ。～閉店後二人きりのサロンで…～	2020年春
大家さんと僕	2020年冬
内田春菊の呪いのワンピース	1992年夏
神達に拾われた男	2020年秋
別冊オリンピア・キュクロス	2020年春
神之塔 -Tower of God-	2020年春
MARS RED	2021年春
宇崎ちゃんは遊びたい！	2020年夏
ラブライブ！スーパースター!!	2021年夏
LISTENERS	2020年春
富豪刑事 Balance:UNLIMITED	2020年夏
ログ・ホライズン 円卓崩壊	2021年冬
恋と呼ぶには気持ち悪い	2021年春
デジモンアドベンチャー：	2020年夏
メイドインアビス 烈日の黄金郷	2022年夏
ふしぎの国のアリス	1983年秋
UFO戦士ダイアポロン	1976年春
不滅のあなたへ	2021年春
あしたへアタック！	1977年春
若草のシャルロット	1977年秋
くまクマ熊ベアー	2020年秋
オルタンシア・サーガ	2021年冬
ハクション大魔王2020	2020年春
バック・アロウ	2021年冬
ソードアート・オンライン アリシゼーション War of Underworld ‐THE LAST SEASON‐	2020年夏
炎炎ノ消防隊 弐ノ章	2020年夏
真・中華一番！ 第2期	2021年冬
ノー・ガンズ・ライフ 第2期	2020年夏
ひげを剃る。そして女子高生を拾う。	2021年春
文豪とアルケミスト 〜審判ノ歯車〜	2020年春
BEASTARS 第2期	2021年冬
食戟のソーマ 豪ノ皿	2020年夏
憂国のモリアーティ	2020年秋
怪物事変	2021年冬
ぼくたちのリメイク	2021年夏
困ったじいさん	2020年春
ワールドトリガー 2ndシーズン	2021年冬
ラブライブ！虹ヶ咲学園スクールアイドル同好会	2020年秋
Lapis Re:LiGHTs ラピスリライツ	2020年夏
彼女、お借りします	2020年夏
ブレーカーズ	2020年冬
はてな☆イリュージョン	2020年冬
Dr.STONE STONE WARS	2021年冬
犬と猫どっちも飼ってると毎日たのしい	2020年秋
IDOLY PRIDE	2021年冬
王様ランキング	2021年秋
本好きの下剋上 司書になるためには手段を選んでいられません 第2部	2020年春
『ヒプノシスマイク -Division Rap Battle-』Rhyme Anima	2020年秋
スケートリーディング☆スターズ	2021年冬
社長、バトルの時間です！	2020年春
りばあす	2020年冬
SHOW BY ROCK!! ましゅまいれっしゅ!!	2020年冬
呪術廻戦	2020年秋
回復術士のやり直し	2021年冬
イエスタデイをうたって	2020年春
おーばーふろぉ	2020年冬
スーパーカブ	2021年春
かくしごと	2020年春
モンスター娘のお医者さん	2020年夏
キングダム 第3シリーズ	2021年春
アルゴナビス from BanG Dream!	2020年春
ド級編隊エグゼロス	2020年夏
うらみちお兄さん	2021年夏
キミと僕の最後の戦場、あるいは世界が始まる聖戦	2020年秋
かぐや様は告らせたい？～天才たちの恋愛頭脳戦～	2020年春
魔女の旅々	2020年秋
たとえばラストダンジョン前の村の少年が序盤の街で暮らすような物語	2021年冬
うたわれるもの 二人の白皇	2022年夏
スライム倒して300年、知らないうちにレベルMAXになってました	2021年春
ドラゴン、家を買う。	2021年春
メジャーセカンド 第2シリーズ	2020年春
弱キャラ友崎くん	2021年冬
天晴爛漫！	2020年夏
アサルトリリィ BOUQUET	2020年秋
波よ聞いてくれ	2020年春
ありふれた職業で世界最強 2nd season	2022年冬
群れなせ！シートン学園	2020年冬
魔法科高校の劣等生 来訪者編	2020年秋
魔王学院の不適合者 ～史上最強の魔王の始祖、転生して子孫たちの学校へ通う～	2020年夏
ピーター・グリルと賢者の時間	2020年夏
ダンジョンに出会いを求めるのは間違っているだろうか III	2020年秋
エイリは王さま！	2019年秋
魔王城でおやすみ	2020年秋
フルーツバスケット 2nd Season	2020年春
ランウェイで笑って	2020年冬
新サクラ大戦 the Animation	2020年春
ギャルと恐竜	2020年秋
池袋ウエストゲートパーク	2020年秋
アイカツオンパレード！	2019年秋
盾の勇者の成り上がり Season2	2022年春
ミュークルドリーミー	2020年春
XL上司。	2019年秋
宝石商リチャード氏の謎鑑定	2020年冬
浦島坂田船の日常	2019年秋
神田川JET GIRLS	2019年秋
サクガン	2021年秋
アフリカのサラリーマン	2019年秋
ゾイドワイルド ZERO	2019年秋
ゾンビランドサガ リベンジ	2021年春
織田シナモン信長	2020年冬
アルテ	2020年春
22/7	2020年冬
まえせつ！	2020年秋
GIBIATE the Animation	2020年夏
GREAT PRETENDER	2020年夏
恋とプロデューサー ～EVOL×LOVE～	2020年夏
ゴールデンカムイ 第3期	2020年秋
BNA ビー・エヌ・エー	2020年春
デカダンス	2020年夏
ID:INVADED イド:インヴェイデッド	2020年冬
私、能力は平均値でって言ったよね！	2019年秋
ネコぱら	2020年冬
ぼくたちは勉強ができない！	2019年秋
進撃の巨人 The Final Season Part.1	2020年秋
Z/X Code reunion	2019年秋
異種族レビュアーズ	2020年冬
この音とまれ！ 第2クール	2019年秋
異世界かるてっと2	2020年冬
球詠	2020年春
八十亀ちゃんかんさつにっき 2さつめ	2020年冬
兄に付ける薬はない！3 -快把我哥帯走3-	2019年秋
食戟のソーマ 神ノ皿	2019年秋
うちタマ?! ～うちのタマ知りませんか？～	2020年冬
MUTEKING THE Dancing HERO	2021年秋
錆色のアーマ -黎明-	2022年冬
戦×恋	2019年秋
Fairy gone フェアリーゴーン 2クール目	2019年秋
指先から本気の熱情-幼なじみは消防士-	2019年夏
のんのんびより のんすとっぷ	2021年冬
映像研には手を出すな！	2020年冬
安達としまむら	2020年秋
五等分の花嫁∬	2021年冬
D4DJ First Mix	2020年秋
七つの大罪 神々の逆鱗	2019年秋
アイ★チュウ	2021年冬
放課後ていぼう日誌	2020年夏
ライフル・イズ・ビューティフル	2019年秋
新・エースをねらえ！	1978年秋
ほら、耳がみえてるよ！ (第2シリーズ)	2019年春
超人高校生たちは異世界でも余裕で生き抜くようです！	2019年秋
トライナイツ	2019年夏
ギヴン	2019年夏
空挺ドラゴンズ	2020年冬
無職転生 ～異世界行ったら本気だす～	2021年冬
転生したらスライムだった件 第2期 第1部	2021年冬
厨病激発ボーイ	2019年秋
地縛少年花子くん	2020年冬
ノー・ガンズ・ライフ	2019年秋
ハイスコアガール II	2019年秋
プランダラ	2020年冬
ソマリと森の神様	2020年冬
はたらく細胞!!	2021年冬
啄木鳥探偵處	2020年春
number24	2020年冬
ACTORS -Songs Connection-	2019年秋
装甲娘戦機	2021年冬
われしょ！我ら小動物愛護委員会	2019年夏
おちこぼれフルーツタルト	2020年秋
約束のネバーランド Season 2	2021年冬
ソードアート・オンライン アリシゼーション War of Underworld	2019年秋
デュエル・マスターズ！！	2019年春
やはり俺の青春ラブコメはまちがっている。完	2020年夏
『続・終物語』&『<物語> シリーズ』セレクション	2019年春
Re:ゼロから始める異世界生活 2ndシーズン	2020年夏
凹凸世界	2019年春
キラッとプリ☆チャン シーズン2	2019年春
ゲゲゲの鬼太郎 第6シリーズ 地獄の四将編	2019年春
魔入りました！入間くん	2019年秋
プリンセスコネクト！Re:Dive	2020年春
ラディアン 第2シリーズ	2019年秋
異常生物見聞録	2020年夏
グランベルム	2019年夏
ソウナンですか？	2019年夏
グレイプニル	2020年春
継つぐもも	2020年春
継つぐもも	2020年春
PSYCHO-PASS サイコパス 3	2019年秋
叛逆性ミリオンアーサー 第2シーズン	2019年春
本好きの下剋上 司書になるためには手段を選んでいられません	2019年秋
GRANBLUE FANTASY The Animation Season2	2019年秋
アニマルズ：シーズン2	2017年冬
アニマルズ：シーズン1	2016年冬
うちの娘の為ならば、俺はもしかしたら魔王も倒せるかもしれない。	2019年夏
可愛ければ変態でも好きになってくれますか？	2019年夏
洗い屋さん！～俺とアイツが女湯で！？～	2019年春
爆丸バトルプラネット	2019年春
恋する小惑星	2020年冬
進撃の巨人 Season 3 Part.2	2019年春
BEASTARS	2019年秋
BEM	2019年夏
小林さんちのメイドラゴンS	2021年夏
パーマン（1983）	1983年春
旗揚！けものみち	2019年秋
邪神ちゃんドロップキック’	2020年春
まちカドまぞく	2019年夏
彼方のアストラ	2019年夏
かつて神だった獣たちへ	2019年夏
インフィニット・デンドログラム	2020年冬
Fairy gone フェアリーゴーン	2019年春
Bラッパーズ ストリート	2019年春
ダンベル何キロ持てる？	2019年夏
虚構推理	2020年冬
アルティメット・スパイダーマン（シーズン2）	2013年春
アルティメット・スパイダーマン（シーズン1）	2012年夏
からかい上手の高木さん2	2019年夏
ロード・エルメロイII世の事件簿 -魔眼蒐集列車 Grace note-	2019年夏
コップクラフト	2019年夏
胡蝶綺 ～若き信長～	2019年夏
理系が恋に落ちたので証明してみた。	2020年冬
探偵オペラ ミルキィホームズ サイコの挨拶	2018年秋
パパだって、したい	2019年冬
魔術士オーフェンはぐれ旅	2020年冬
はたらく細胞 特別編「風邪症候群」	2018年秋
PERSONA5 the Animation 特番アニメーション前編「Dark Sun…」	2018年秋
八男って、それはないでしょう！	2020年春
うまよん	2020年夏
白猫プロジェクト ZERO CHRONICLE	2020年春
EX-ARM エクスアーム	2021年冬
BAKUMATSUクライシス	2019年春
ハイキュー!! TO THE TOP 第1クール	2020年冬
ジモトがジャパン	2019年春
スター☆トゥインクルプリキュア	2019年冬
世話やきキツネの仙狐さん	2019年春
みだらな青ちゃんは勉強ができない	2019年春
痛いのは嫌なので防御力に極振りしたいと思います。	2020年冬
戦姫絶唱シンフォギアXV	2019年夏
ノブナガ先生の幼な妻	2019年春
川柳少女	2019年春
荒ぶる季節の乙女どもよ。	2019年夏
八十亀ちゃんかんさつにっき	2019年春
Dr.STONE	2019年夏
RobiHachi	2019年春
フルーツバスケット 1st Season	2019年春
炎炎ノ消防隊	2019年夏
ちはやふる3	2019年秋
ドロヘドロ	2020年冬
みにとじ	2019年冬
ツキウタ。THE ANIMATION2	2020年秋
慎重勇者 ～この勇者が俺TUEEEくせに慎重すぎる～	2019年秋
歌舞伎町シャーロック	2019年秋
ダーウィンズゲーム	2020年冬
手品先輩	2019年夏
女子高生の無駄づかい	2019年夏
乙女ゲームの破滅フラグしかない悪役令嬢に転生してしまった…	2020年春
アサシンズプライド	2019年秋
雨色ココア sideG	2019年冬
魔王様、リトライ！	2019年夏
通常攻撃が全体攻撃で二回攻撃のお母さんは好きですか？	2019年夏
デート・ア・ライブIII	2019年冬
エガオノダイカ	2019年冬
シキザクラ	2021年秋
俺を好きなのはお前だけかよ	2019年秋
Dimension ハイスクール	2019年冬
とある科学の超電磁砲T	2020年冬
とある科学の一方通行	2019年夏
ゆるキャン△ ショートアニメ「へやキャン△」	2020年冬
ゆるキャン△ SEASON2	2021年冬
なんでここに先生が!?	2019年春
この世の果てで恋を唄う少女 YU-NO	2019年春
僕のヒーローアカデミア (第4期)	2019年秋
終電後､カプセルホテルで､上司に微熱伝わる夜｡	2018年秋
イナズマイレブン オリオンの刻印	2018年秋
戦え!超ロボット生命体トランスフォーマー	1985年夏
ご注文はうさぎですか？BLOOM	2020年秋
ぼくたちは勉強ができない	2019年春
超可動ガール1/6	2019年春
放課後さいころ倶楽部	2019年秋
女子かう生	2019年春
スタンドマイヒーローズ PIECE OF TRUTH	2019年秋
ぼくのとなりに暗黒破壊神がいます。	2020年冬
荒野のコトブキ飛行隊	2019年冬
走り続けてよかったって。	2018年秋
けものフレンズ2	2019年冬
マギアレコード 魔法少女まどか☆マギカ外伝	2020年冬
バミューダトライアングル ～カラフル・パストラーレ～	2019年冬
アイドルマスター SideM 理由あってMini!	2018年秋
グリムノーツ The Animation	2019年冬
盾の勇者の成り上がり	2019年冬
なむあみだ仏っ！-蓮台 UTENA-	2019年春
サークレット・プリンセス	2019年冬
明治東亰恋伽	2019年冬
狐狸之声	2018年秋
同居人はひざ、時々、頭のうえ。	2019年冬
五等分の花嫁	2019年冬
八月のシンデレラナイン	2019年春
MIX MEISEI STORY	2019年春
Fate/Grand Order -絶対魔獣戦線バビロニア-	2019年秋
おこしやす、ちとせちゃん	2018年秋
アニマエール！	2018年秋
文豪ストレイドッグス (第3期)	2019年春
魔法少女特殊戦あすか	2019年冬
えんどろ～！	2019年冬
この音とまれ！	2019年春
B-PROJECT～絶頂＊エモーション～	2019年冬
ドメスティックな彼女	2019年冬
蜘蛛ですが、なにか？	2021年冬
連盟空軍航空魔法音楽隊ルミナスウィッチーズ	2022年夏
第501統合戦闘航空団 ストライクウィッチーズ ROAD to BERLIN	2020年秋
ストライクウィッチーズ 501部隊発進しますっ！	2019年春
アイドリッシュセブン Second BEAT!	2020年秋
ゾンビランドサガ	2018年秋
Re:ステージ！ ドリームデイズ♪	2019年夏
ピアノの森 第2シリーズ	2019年冬
宇宙戦艦ティラミスII	2018年秋
逆転裁判 ～その「真実」、異議あり！～ Season2	2018年秋
オコジョとヤマネ	2018年夏
真夜中のオカルト公務員	2019年春
人外さんの嫁	2018年秋
不機嫌なモノノケ庵 續	2019年冬
ジョジョの奇妙な冒険 黄金の風	2018年秋
3D彼女 リアルガール 第2シーズン	2019年冬
私に天使が舞い降りた！	2019年冬
ひもてはうす	2018年秋
東京喰種トーキョーグール:re 最終章	2018年秋
とある魔術の禁書目録III	2018年秋
ぱすてるメモリーズ	2019年冬
じょしおちっ！～2階から女の子が…降ってきた!?～	2018年夏
鬼滅の刃	2019年春
風が強く吹いている	2018年秋
ガーリー・エアフォース	2019年冬
かぐや様は告らせたい〜天才たちの恋愛頭脳戦〜	2019年冬
約束のネバーランド	2019年冬
Back Street Girls -ゴクドルズ-	2018年夏
ゴブリンスレイヤー	2018年秋
消滅都市	2019年春
上野さんは不器用	2019年冬
ナカノヒトゲノム【実況中】	2019年夏
推しが武道館いってくれたら死ぬ	2020年冬
殺戮の天使	2018年夏
アンゴルモア 元寇合戦記	2018年夏
BanG Dream! 3rd Season	2020年冬
悪偶 ‐天才人形‐	2018年夏
CONCEPTION	2018年秋
あんさんぶるスターズ！	2019年夏
Free!-Dive to the Future-	2018年夏
ユリシーズ ジャンヌ・ダルクと錬金の騎士	2018年秋
群青のマグメル	2019年春
やがて君になる	2018年秋
FAIRY TAIL ファイナルシリーズ	2018年秋
異世界チート魔術師	2019年夏
俺が好きなのは妹だけど妹じゃない	2018年秋
モブサイコ100 II	2019年冬
学園BASARA	2018年秋
深夜！天才バカボン	2018年夏
ベルゼブブ嬢のお気に召すまま。	2018年秋
Phantom in the Twilight	2018年夏
ソラとウミのアイダ	2018年秋
となりの吸血鬼さん	2018年秋
ひとりぼっちの○○生活	2019年春
千銃士	2018年夏
ハイスコアガール	2018年夏
ベイブレードバースト 超ゼツ	2018年春
パズドラ	2018年春
火ノ丸相撲	2018年秋
ムヒョとロージーの魔法律相談事務所	2018年夏
RErideD -刻越えのデリダ-	2018年秋
ヴィンランド・サガ	2019年夏
バビロン	2019年秋
どろろ (2019)	2019年冬
pet -ペット-	2020年冬
W'z《ウィズ》	2019年冬
ハッピーシュガーライフ	2018年夏
あかねさす少女	2018年秋
叛逆性ミリオンアーサー	2018年秋
天狼 Sirius the Jaeger	2018年夏
プラネット・ウィズ	2018年夏
デュエル・マスターズ！	2018年春
キャラとおたまじゃくし島	2018年春
DOUBLE DECKER! ダグ&キリル	2018年秋
音楽少女	2018年夏
色づく世界の明日から	2018年秋
京都寺町三条のホームズ	2018年夏
からくりサーカス	2018年秋
寄宿学校のジュリエット	2018年秋
青春ブタ野郎はバニーガール先輩の夢を見ない	2018年秋
百錬の覇王と聖約の戦乙女	2018年夏
転生したらスライムだった件	2018年秋
revisions リヴィジョンズ	2019年冬
キャロル&チューズデイ	2019年春
イングレス	2018年秋
若おかみは小学生！	2018年春
さらざんまい	2019年春
ぐらんぶる	2018年夏
あひるの空	2019年秋
ゾイドワイルド	2018年夏
メジャーセカンド	2018年春
あっくんとカノジョ	2018年春
ラストピリオド -終わりなき螺旋の物語-	2018年春
中間管理録トネガワ	2018年夏
立花館To Lieあんぐる	2018年春
ダンジョンに出会いを求めるのは間違っているだろうか II	2019年夏
甘い懲罰～私は看守専用ペット	2018年春
はねバド！	2018年夏
ガンダムビルドダイバーズ	2018年春
異世界魔王と召喚少女の奴隷魔術	2018年夏
ラディアン	2018年秋
RELEASE THE SPYCE	2018年秋
あそびあそばせ	2018年夏
アイカツフレンズ！	2018年春
キラッとプリ☆チャン	2018年春
鹿楓堂 よついろ日和	2018年春
魔法少女サイト	2018年春
こみっくがーるず	2018年春
七星のスバル	2018年夏
3D彼女 リアルガール	2018年春
はたらく細胞	2018年夏
賭ケグルイ××	2019年冬
鬼灯の冷徹 (第弐期その弐)	2018年春
Spiritpact-黄泉の契り-	2018年冬
ゆらぎ荘の幽奈さん	2018年夏
ISLAND (アイランド)	2018年夏
ひそねとまそたん	2018年春
SSSS.GRIDMAN	2018年秋
ありふれた職業で世界最強	2019年夏
邪神ちゃんドロップキック	2018年夏
魔法少女 俺	2018年春
七つの美徳	2018年冬
奴隷区 The Animation	2018年春
25歳の女子高生	2018年冬
Caligula -カリギュラ-	2018年春
すのはら荘の管理人さん	2018年夏
あまんちゅ！～あどばんす～	2018年春
かくりよの宿飯	2018年春
メルヘン・メドヘン	2018年冬
宇宙よりも遠い場所	2018年冬
たくのみ。	2018年冬
異世界居酒屋～古都アイテーリアの居酒屋のぶ～	2018年春
バジリスク ～桜花忍法帖～	2018年冬
ハクメイとミコチ	2018年冬
つくもがみ貸します	2018年夏
ツルネ ―風舞高校弓道部―	2018年秋
ハイスクールD×D HERO	2018年春
ピアノの森	2018年春
BANANA FISH	2018年夏
実験品家族 -クリーチャーズ・ファミリー・デイズ-	2018年春
重神機パンドーラ	2018年春
刻刻	2018年冬
りゅうおうのおしごと！	2018年冬
メガロボクス	2018年春
ソードアート・オンライン オルタナティブ ガンゲイル・オンライン	2018年春
スタミュ (第3期)	2019年夏
ソードアート・オンライン アリシゼーション	2018年秋
新幹線変形ロボ シンカリオン THE ANIMATION	2018年冬
からかい上手の高木さん	2018年冬
多田くんは恋をしない	2018年春
ありすorありす	2018年春
学園ベビーシッターズ	2018年冬
デビルズライン	2018年春
ニル・アドミラリの天秤	2018年春
キリングバイツ	2018年冬
オーバーロードⅡ	2018年冬
BEATLESS ビートレス	2018年冬
カードファイト!! ヴァンガードGZ	2017年秋
賢者の孫	2019年春
ガイコツ書店員 本田さん	2018年秋
ワンパンマン (第2期)	2019年春
ユラユラすいぞくかん	2017年夏
aiseki MOGOL GIRL	2017年秋
ヒナまつり	2018年春
Butlers～千年百年物語～	2018年春
アイドリッシュセブン	2018年冬
ウマ娘 プリティーダービー	2018年春
宇宙戦艦ティラミス	2018年春
ピングー in ザ・シティ	2017年秋
ミイラの飼い方	2018年冬
弱虫ペダル GLORY LINE	2018年冬
ゆるキャン△	2018年冬
七つの大罪 戒めの復活 (第2期)	2018年冬
ダメプリ ANIME CARAVAN	2018年冬
スロウスタート	2018年冬
サンリオ男子	2018年冬
グランクレスト戦記	2018年冬
銀の墓守りII	2018年冬
あめこん!! (雨色ココア第4期)	2017年秋
食戟のソーマ 餐の皿	2017年秋
お見合い相手は教え子、強気な、問題児。	2017年秋
ヤマノススメ サードシーズン	2018年夏
牙狼<GARO> -VANISHING LINE-	2017年秋
PERSONA5 the Animation	2018年春
つうかあ	2017年秋
アイドルマスター シンデレラガールズ劇場 2nd SEASON	2017年秋
少女終末旅行	2017年秋
十二大戦	2017年秋
刀使ノ巫女	2018年冬
博多豚骨ラーメンズ	2018年冬
お酒は夫婦になってから	2017年秋
だがしかし2	2018年冬
デスマーチからはじまる異世界狂想曲	2018年冬
ゴールデンカムイ	2018年春
ネト充のススメ	2017年秋
このはな綺譚	2017年秋
王様ゲーム The Animation	2017年秋
三ツ星カラーズ	2018年冬
Wake Up, Girls！ 新章	2017年秋
TSUKIPRO THE ANIMATION	2017年秋
僕の彼女がマジメ過ぎるしょびっちな件	2017年秋
はるかなレシーブ	2018年夏
ブラッククローバー	2017年秋
戦刻ナイトブラッド	2017年秋
血界戦線 & BEYOND	2017年秋
アイドルマスター SideM	2017年秋
されど罪人は竜と踊る	2018年春
DYNAMIC CHORD	2017年秋
URAHARA	2017年秋
ヴァイオレット・エヴァーガーデン	2018年冬
ダーリン・イン・ザ・フランキス	2018年冬
Dies irae	2017年秋
Just Because!	2017年秋
マーベル フューチャー・アベンジャーズ	2017年夏
citrus【シトラス】	2018年冬
キノの旅 -the Beautiful World- the Animated Series	2017年秋
終物語 第2期	2017年夏
宝石の国	2017年秋
ブレンド・S	2017年秋
イケメン戦国◆時をかけるが恋は始まらない	2017年夏
Robomasters: The Animated Series	2017年秋
むさしの！	2022年夏
スカートの中はケダモノでした。	2017年夏
縁結びの妖狐ちゃん	2017年夏
ようこそ実力至上主義の教室へ	2017年夏
捏造トラップ-NTR-	2017年夏
クリオネの灯り	2017年夏
結城友奈は勇者である -鷲尾須美の章-/-勇者の章-	2017年秋
UQ HOLDER! ～魔法先生ネギま!2～	2017年秋
魔法使いの嫁	2017年秋
鬼灯の冷徹 (第弐期)	2017年秋
クラシカロイド (第2シリーズ)	2017年秋
アニメガタリズ	2017年秋
ひとりじめマイヒーロー	2017年夏
セントールの悩み	2017年夏
コンビニカレシ	2017年夏
アクションヒロイン チアフルーツ	2017年夏
干物妹！うまるちゃんR	2017年秋
クジラの子らは砂上に歌う	2017年秋
妖怪アパートの幽雅な日常	2017年夏
魔法陣グルグル (2017年)	2017年夏
プリンセス・プリンシパル	2017年夏
戦姫絶唱シンフォギアAXZ	2017年夏
時間の支配者	2017年夏
THE REFLECTION –ザ・リフレクション–	2017年夏
ゲーマーズ！	2017年夏
カイトアンサ	2017年夏
18if	2017年夏
ラーメン大好き小泉さん	2018年冬
ポプテピピック	2018年冬
NEW GAME!!	2017年夏
僧侶と交わる色欲の夜に…	2017年春
異世界はスマートフォンとともに。	2017年夏
バチカン奇跡調査官	2017年夏
はじめてのギャル	2017年夏
ナイツ＆マジック	2017年夏
徒然チルドレン	2017年夏
恋と嘘	2017年夏
地獄少女 宵伽	2017年夏
潔癖男子！青山くん	2017年夏
ナナマル サンバツ	2017年夏
恋は雨上がりのように	2018年冬
賭ケグルイ	2017年夏
アホガール	2017年夏
アリスと蔵六	2017年春
ひなろじ～from Luck & Logic～	2017年夏
バトルガール ハイスクール	2017年夏
天使の3P！	2017年夏
いぬやしき	2017年秋
メイドインアビス	2017年夏
ボールルームへようこそ	2017年夏
sin 七つの大罪	2017年春
Fate/Apocrypha	2017年夏
将国のアルタイル	2017年夏
活撃 刀剣乱舞	2017年夏
ラブ米 -WE LOVE RICE-	2017年春
終末なにしてますか？ 忙しいですか？ 救ってもらっていいですか？	2017年春
サクラダリセット	2017年春
カードキャプターさくら クリアカード編	2018年冬
サクラクエスト	2017年春
フルメタル･パニック！ Invisible Victory	2018年春
ゼロから始める魔法の書	2017年春
青の祓魔師 京都不浄王篇	2017年冬
ひなこのーと	2017年春
この素晴らしい世界に祝福を！2	2017年冬
冴えない彼女の育てかた♭	2017年春
エロマンガ先生	2017年春
アルティメット・スパイダーマン VS シニスター・シックス	2016年春
マナリアフレンズ	2019年冬
頭文字D Final Stage	2014年春
城下町のダンデライオン	2015年夏
アルティメット・スパイダーマン ウェブ・ウォーリアーズ	2015年春
赤髪の白雪姫	2015年夏
聖剣使いの禁呪詠唱	2015年冬
Free! -Eternal Summer-	2014年夏
普通の女子校生が【ろこどる】やってみた。	2014年夏
僕らはみんな河合荘	2014年春
