title	writer	genre	url
二度目の悪逆皇女はかつての敵と幸せになります。でも私を利用した悪辣な人々は絶対に許さない！【悪逆皇女は黒歴史を塗り替える】	緋色の雨	異世界(恋愛)	https://ncode.syosetu.com/N3531IA
冰の令嬢ヒストリカが幸せになるまで〜「女のくせに出しゃばり過ぎだ」と婚約破棄された子爵令嬢は、醜悪公爵の病気を治し溺愛されるようになったので毎日が幸せです〜	青季 ふゆ	異世界(恋愛)	https://ncode.syosetu.com/N6290IA
王子の婚約者だけど冤罪をかけられました。彼らを嘘つきにしないように冤罪内容を全部ほんとにしてあげようと思います！	雪野ゆきの	異世界(恋愛)	https://ncode.syosetu.com/N7992IA
【電子書籍化決定】虎の威を借る狐になって復讐がしたい	こう	異世界(恋愛)	https://ncode.syosetu.com/N5225IA
消息を絶っていた人質姫が、見つかった。	鯵御膳	異世界(恋愛)	https://ncode.syosetu.com/N5922IB
【書籍化＆コミカライズ決定】聖女の姉が棄てた元婚約者に嫁いだら、蕩けるほどの溺愛が待っていました	瑪々子	異世界(恋愛)	https://ncode.syosetu.com/N6403HZ
そんなことも分からないの？	鈴宮(すずみや)	異世界(恋愛)	https://ncode.syosetu.com/N3971IB
元公爵令嬢、村人に嫁ぐ	瀬尾優梨	異世界(恋愛)	https://ncode.syosetu.com/N6293IA
お飾りの皇妃？　なにそれ天職です！	雪野ゆきの	異世界(恋愛)	https://ncode.syosetu.com/N0001IB
断絶のアリーナ　〜私の婚約者には恋人が居るそうです〜	川崎悠@反逆の勇者、書籍発売中。	異世界(恋愛)	https://ncode.syosetu.com/N2697IB
婚約破棄された令嬢は、婚約者を奪った妹に現実を見せつける	歩芽川ゆい	異世界(恋愛)	https://ncode.syosetu.com/N3237IB
人質姫が、消息を絶った。	鯵御膳	異世界(恋愛)	https://ncode.syosetu.com/N4426IB
悪役令嬢卒業後のゴージャスな偽装結婚	山田露子	異世界(恋愛)	https://ncode.syosetu.com/N0670HZ
大悪党、娘になりました	こう	異世界(恋愛)	https://ncode.syosetu.com/N1131IB
【書籍化】呪いで猫にされた悪女、王太子に拾われる。	sasasa	異世界(恋愛)	https://ncode.syosetu.com/N1292IB
今日結婚した夫から2年経ったら出ていけと言われました	四折　柊	異世界(恋愛)	https://ncode.syosetu.com/N6563IB
【書籍化】「君を愛することはない」と旦那様に言われましたが、没落聖女なので当然ですよね。	霜月零	異世界(恋愛)	https://ncode.syosetu.com/N3216IB
姉に全てを奪われたルーン魔術師、天才王子に溺愛される ～婚約者、仕事、成果もすべて姉に横取りされた地味な妹ですが、ある日突然立場が逆転しちゃいました～	日之影ソラ（ノベル19シリーズ）	異世界(恋愛)	https://ncode.syosetu.com/N4238IA
婚約破棄は迅速に	瀬嵐しるん	異世界(恋愛)	https://ncode.syosetu.com/N6670IB
魔法の杖を持つ姫は、まだ恋を忘れられない	ぷよ猫	異世界(恋愛)	https://ncode.syosetu.com/N3981IB
肉と酒を好む英雄は、娶らされた姫に触れられない。【書籍化企画進行中】	鯵御膳	異世界(恋愛)	https://ncode.syosetu.com/N6831IB
オリヴィア嬢は愛されると死ぬ 　～ 旦那様、ちょっとこっち見すぎですわ ～【書籍化企画進行中】	紺染 幸	異世界(恋愛)	https://ncode.syosetu.com/N2416IA
今回も「許します」私がそう言うと思っていましたか？	四折　柊	異世界(恋愛)	https://ncode.syosetu.com/N8230IA
冤罪から逃れるために全てを捨てた。	四折　柊	異世界(恋愛)	https://ncode.syosetu.com/N1847IB
至らぬ妻なので国へ帰らせて頂きますと、辺境伯夫人は突然ドレスの裾を翻し、客人達の前から消え去った。残された者達の終幕は……	悠木　源基	異世界(恋愛)	https://ncode.syosetu.com/N3449IA
警告の侍女	河辺　螢	異世界(恋愛)	https://ncode.syosetu.com/N3250IA
移し鏡のアンネローゼ　～「すべてにおいて平均以下だから」と婚約破棄された子爵令嬢はそのすべてを取り戻し、怪物と噂の公爵様に溺愛されて幸せに暮らします～	緋色の雨	異世界(恋愛)	https://ncode.syosetu.com/N8701IA
無自覚な俺の婚約者	琴乃葉	異世界(恋愛)	https://ncode.syosetu.com/N7967IB
婚約破棄劇の傍観者ですが見ていられません「お兄様やっちゃってください」	雲丹屋	異世界(恋愛)	https://ncode.syosetu.com/N9749IA
家族に疎んじられているそうです。私が？	上田　成	異世界(恋愛)	https://ncode.syosetu.com/N2088IB
【書籍化コミカライズ決定】訳あり伯爵様と契約結婚したら、義娘（６歳）の契約母になってしまいました。　〜契約期間はたったの一年間〜	黒猫かりん（旧：黒猫しゃばりん）	異世界(恋愛)	https://ncode.syosetu.com/N7866HZ
公爵令嬢ナターシャは自分のことをちょっと間が悪いと思っている～庶民派を騙る第一王子は、婚約者が平民から「昼飯の女神」と呼ばれて慕われてることを知らない～	紀伊章(kii)　名前変更しました	異世界(恋愛)	https://ncode.syosetu.com/N4236IB
転生したらラスボス系悪女だった！　〜スローライフを希望する、様子のおかしな公爵夫人〜	凪	異世界(恋愛)	https://ncode.syosetu.com/N7286HY
捨てても捨てても戻ってくる呪いの人形みたいに執念深く溺愛してくる、私の婚約者	三香	異世界(恋愛)	https://ncode.syosetu.com/N8861IB
ハズレ姫は意外と愛されている？	gacchi	異世界(恋愛)	https://ncode.syosetu.com/N2913HY
余命半年と告げられた令嬢は、醜い変人魔導士のもとへ姉の身代わりに婚約者として送りこまれました～楽しい余生を過ごしています	別所 燈 	異世界(恋愛)	https://ncode.syosetu.com/N5143HY
鳥籠の枯れ葉令嬢は全力で逃げることにしました	三香	異世界(恋愛)	https://ncode.syosetu.com/N6871IA
聖女様は「王太子殿下と結婚したいです！」と何度も要求しますが、王太子殿下はその度に「愛する婚約者と結婚出来ないくらいなら死ぬ！」と即効性のマジモンの劇薬を用意するので話が進みません。	下菊みこと	異世界(恋愛)	https://ncode.syosetu.com/N6462IB
ざまぁされた王子の三度目の人生	海野はな	異世界(恋愛)	https://ncode.syosetu.com/N9019IB
折角見逃してあげた姉がしつこいのでさくっと破滅させてしあわせになろうと思います	弓良　十矢　No War	異世界(恋愛)	https://ncode.syosetu.com/N7112IA
【連載版始めました！】妹に婚約者を奪われた伯爵令嬢、実は敵国のスパイだったことに誰も気づかない　～婚約破棄に追放は計画通り！　さぁ国に帰ってのんびり暮らしましょう～	日之影ソラ（ノベル19シリーズ）	異世界(恋愛)	https://ncode.syosetu.com/N4961IB
青の君を探した報い	繰目来夏（猫派）	異世界(恋愛)	https://ncode.syosetu.com/N7172IB
【連載版始めました】メシマズ扱いしてくる婚約者とは別れることにしました　～本当は美味しかったと言われても、料理バフで必要とされているのでもう戻りません～	村沢黒音	異世界(恋愛)	https://ncode.syosetu.com/N7716IB
俺の妖精すぎるおっとり妻から離縁を求められ、戦場でも止まらなかった心臓が止まるかと思った。それ以外の願いなら全て叶えるから、何を言われても別れたくはないんだが？	関谷 れい	異世界(恋愛)	https://ncode.syosetu.com/N3309IB
その断罪劇、乗っ取らせていただきます。	当麻リコ	異世界(恋愛)	https://ncode.syosetu.com/N9968IA
悪役女王に転生したので断罪回避のために弟に嫌われようとしたけれど、失敗しました	瀬尾優梨	異世界(恋愛)	https://ncode.syosetu.com/N8009HZ
地味だからと婚約破棄されたので、我慢するのをやめることにしました	木崎優	異世界(恋愛)	https://ncode.syosetu.com/N7019HS
隣国の王族公爵と政略結婚したのですが、子持ちとは聞いてません！？	杯明杖祈	異世界(恋愛)	https://ncode.syosetu.com/N3645IB
ガネス公爵令嬢の変身	くびのほきょう	異世界(恋愛)	https://ncode.syosetu.com/N5629IA
これ、ゼミでやったやつだ	くびのほきょう	異世界(恋愛)	https://ncode.syosetu.com/N3516IB
いつもお互いに煽り煽られイキりイキられ罵倒しあう仲のネトゲ仲間と初のオフ会をしてみたら、そのネトゲ仲間は品行方正で知られる学園一の美人先輩だった話	tama	現実世界(恋愛)	https://ncode.syosetu.com/N5292IA
日本1位のゲーマー有名配信者に出会う	uCa	現実世界(恋愛)	https://ncode.syosetu.com/N0097IA
人の笑顔が好きで人助けが好きだった。けど冤罪を掛けられて半年間牢屋にいた。冤罪が認められて、外に出たが	エア	現実世界(恋愛)	https://ncode.syosetu.com/N2876IB
元勇者、今はアイドルのドライバーやってます	十本スイ	現実世界(恋愛)	https://ncode.syosetu.com/N9448IA
学園一の美少女とエッチをしただけ。	AteRa	現実世界(恋愛)	https://ncode.syosetu.com/N9540IA
 お隣の天使様にいつの間にか駄目人間にされていた件	佐伯さん	現実世界(恋愛)	https://ncode.syosetu.com/N8440FE
俺を振りまくる学園一の美少女が毎回振った俺のことを慰めてくれてデートも誘ってくれるのに付き合ってくれない件〜俺がラブレターを貰ったらなんかなんかバグった〜	社畜豚（Twitter@p70713687）	現実世界(恋愛)	https://ncode.syosetu.com/N0340IB
勇者の生まれ変わりだと豪語する隣の席の女子が、俺のことを魔王扱いしてくる　～まったく勘弁してくれよ……ガチだから～	日之影ソラ（ノベル19シリーズ）	現実世界(恋愛)	https://ncode.syosetu.com/N0678IB
姉の家に居候することになりましたが、姉がVtuber だと知らずにゲーム生配信で無双するという放送事故が起こったら、Vtuber になりました	間違えすぎの隣人	現実世界(恋愛)	https://ncode.syosetu.com/N4040IB
ネトラレ幼馴染	海野裕	現実世界(恋愛)	https://ncode.syosetu.com/N8423IB
 陽キャに幼馴染の彼女を寝取られた陰キャの俺が、学校一の美少女と夫婦になった件。同じ家で糖度100%の甘々青春ラブコメが始まりました！	海野うにを	現実世界(恋愛)	https://ncode.syosetu.com/N5612IA
ドッキリ動画の犠牲になる俺。我慢の限界が来ていた頃に、生配信の強制辞めるドッキリをして来たので、引退を宣言した。	エア	現実世界(恋愛)	https://ncode.syosetu.com/N3241IB
幼馴染で親友の超絶イケメンに彼女が出来たら、なぜか女子達の間で俺が注目され始めた件〜そしてなぜか親友の双子の妹である学校一の美少女が積極的になりました〜	カイザー	現実世界(恋愛)	https://ncode.syosetu.com/N7715IB
清純派アイドルすぎて私生活が死んだ私を待ってくれている幼馴染	蹴神ミコト	現実世界(恋愛)	https://ncode.syosetu.com/N0106IB
記念日にヤラれてたことがわかった僕　	玖澪煌	現実世界(恋愛)	https://ncode.syosetu.com/N5115IB
大好きすぎる彼女に　ないがしろに　され続けた　俺は・・・	鎌倉	現実世界(恋愛)	https://ncode.syosetu.com/N3088IB
俺はきっともう恋愛ができない-サレた後の物語-	Blue Raccoon	現実世界(恋愛)	https://ncode.syosetu.com/N6353IB
陰キャでイジメられていた僕が「そろそろバンドでも組もう」と可愛い幼なじみに頼まれ、バンドのボーカルになった件。	カミトイチ	現実世界(恋愛)	https://ncode.syosetu.com/N8183IB
濡衣で幼馴染に絶交された中学バスケ部エース、高校生になり幼馴染みがバスケ部復帰&amp;復縁を願ってるようですがバイトの同僚で才色兼備な御令嬢と激甘カップルとなってるのでもう遅い！	ソルト檸檬	現実世界(恋愛)	https://ncode.syosetu.com/N4075IB
実は俺もVtuber～駆け出しVtuberを支える俺、実は登録者数１００万人の人気Vtuberな件～	こりんさん＠クラきょど３巻来春発売予定！	現実世界(恋愛)	https://ncode.syosetu.com/N5176IA
冤罪だと誰も信じてくれず追い詰められた僕、濡れ衣が明るみになったけど今更仲直りなんてできない	一本橋	現実世界(恋愛)	https://ncode.syosetu.com/N8548IB
氷の女王と呼ばれるカリスマ美少女モデルが殺し屋の目で婚姻届の用紙を出してくるんだけどまだ１６歳なので結婚とか無理です	くまの　ほたり	現実世界(恋愛)	https://ncode.syosetu.com/N1193IB
美少女双子姉妹の誰も見向きもしない「余り物」の気弱で巨乳な妹を助けたら、俺にだけやたらと懐いてきた上に色々と距離感がバグってた件	守次 奏	現実世界(恋愛)	https://ncode.syosetu.com/N2367IB
【書籍化】有名Vtuberの兄だけど、義妹が配信切り忘れたら、なぜか俺が有名になった～陰キャだからと振られた俺が、超人気ブラコン妹の兄として注目され、期待の新人Vとしてデビューするけど今更なんですか？	茨木野	現実世界(恋愛)	https://ncode.syosetu.com/N1726HU
一人暮らしを始めたら、途端に彼女が巣作りを始めた件	墨江夢	現実世界(恋愛)	https://ncode.syosetu.com/N5215IB
どうも、モブです。「ねーねー、どっか遊びに行こうよ」って女の子をナンパして彼氏とかに撃退されるのが俺のお仕事です。なのに今回ナンパした子がめちゃくちゃ乗り気なんです。	やまだのぼる	現実世界(恋愛)	https://ncode.syosetu.com/N1184IA
山本君の青春リベンジ！～学校でイジメられてた俺が努力して生まれ変わり、戻ってきてからクラスメート達の様子がおかしい件～	夜桜ユノ【『クラスで陰キャ』コミック発売しました！】	現実世界(恋愛)	https://ncode.syosetu.com/N6511HQ
チビデブブサイクな俺のどこに惚れたって言うんだ	ミソネタ・ドざえもん	現実世界(恋愛)	https://ncode.syosetu.com/N6494IB
幼馴染みに「ツンデレって何？」と聞かれたので、「お前のことだよ」と教えてやった	墨江夢	現実世界(恋愛)	https://ncode.syosetu.com/N8692IA
女上司が職場の飲み会に俺だけ誘ってくれない	墨江夢	現実世界(恋愛)	https://ncode.syosetu.com/N7363IA
僕の最強の幼馴染	にやり	現実世界(恋愛)	https://ncode.syosetu.com/N8391IB
人気女優の幼馴染は、「演技の練習」と言えばどんなイチャイチャも許して貰えると思っているらしい	墨江夢	現実世界(恋愛)	https://ncode.syosetu.com/N4489IB
先輩、本当に大丈夫ですか？	みえだ	現実世界(恋愛)	https://ncode.syosetu.com/N7923IA
女子生徒Aは推しに殺されたい！	散茶	現実世界(恋愛)	https://ncode.syosetu.com/N1988IB
一年付き合ってた彼女が医大生とラブホから出てきた（NTR……涙）。帰り道、川で幼女が溺れていたので助けて家まで送ってあげたら学園のアイドルの家だった。	マナシロカナタ（かなたん）＠2/1発売「隣の席の美少女をナン～」	現実世界(恋愛)	https://ncode.syosetu.com/N1262IA
恋愛を間違えた幼馴染がしつこく擦り寄ってくるのを撃退する話	めりのおうち	現実世界(恋愛)	https://ncode.syosetu.com/N8378IB
大切な人の一生の別れに「新しい人を好きになってね」と言われた。そして罰ゲームで嘘コクされた。	エア	現実世界(恋愛)	https://ncode.syosetu.com/N9499IA
幼馴染との関係の変遷	にやり	現実世界(恋愛)	https://ncode.syosetu.com/N6255IB
家族に大切な物を捨てられた。俺は、、	エア	現実世界(恋愛)	https://ncode.syosetu.com/N6578HZ
誘拐犯から幼女を助けたら、氷の姫君の妹でした～美人姉妹の恩返しで毎日幸せすぎるんだが〜	ちくでん	現実世界(恋愛)	https://ncode.syosetu.com/N5574IB
【氷の女王】と呼ばれる剣道日本一の超絶美少女が、俺と稽古する時だけ全力で殺しに来るんだが何でだ？	詩田門　文／すぎモン	現実世界(恋愛)	https://ncode.syosetu.com/N0634IB
幼馴染のために身を引きました。すると何故か幼馴染に絡まれるのですが	赤井藍	現実世界(恋愛)	https://ncode.syosetu.com/N5654IA
浮気したけど『ざまぁ』されなかった女の慟哭	Blue Raccoon	現実世界(恋愛)	https://ncode.syosetu.com/N6745IB
サレ男の開花〜寝取られた男の物語〜	Blue Raccoon	現実世界(恋愛)	https://ncode.syosetu.com/N3477IB
TS転生した私が所属するVtuber事務所のライバーを全員堕としにいく話	離村(恋狸)	現実世界(恋愛)	https://ncode.syosetu.com/N5942HX
おっさんと新入社員ちゃん	猫カレーฅ ^•ω•^ ฅ	現実世界(恋愛)	https://ncode.syosetu.com/N5300IB
俺のキッツイLINEを元カノに晒されたので、元カノも笑った連中も丸ごとボコボコにする話。	もやしマン	現実世界(恋愛)	https://ncode.syosetu.com/N1340IB
幼馴染のわたしはモブでいたいのに、なぜかヒロインの恋愛対象になっている。	白藍まこと	現実世界(恋愛)	https://ncode.syosetu.com/N1873IB
攻め落とす気満々の年下幼馴染に、そろそろ陥落してしまうかもしれない俺の話	藤崎珠里	現実世界(恋愛)	https://ncode.syosetu.com/N2359IB
セフレが『裕也様専用』とタトゥーを入れてきて重い	Blue Raccoon	現実世界(恋愛)	https://ncode.syosetu.com/N4068IB
【連載版】伝説の鍛冶師は無自覚に伝説を作りまくる～弟に婚約者と店を奪われた俺、技を磨く旅に出る。実は副業で勇者の聖剣や町の結界をメンテする仕事も楽々こなしてたと、今更気づいて土下座されても戻りません	茨木野	ハイファンタジー(ファンタジー)	https://ncode.syosetu.com/N6008IA
転生幼女は前世で助けた精霊たちに懐かれる	えぞぎんぎつね	ハイファンタジー(ファンタジー)	https://ncode.syosetu.com/N2735HZ
レイトのゆるーい転生生活	アケチカ	ハイファンタジー(ファンタジー)	https://ncode.syosetu.com/N4105HZ
ただの村人の僕が、三百年前の暴君皇子に転生してしまいました～このままでは強引に妃にする予定の冷酷侯爵令嬢に暗殺される運命なので回避するために奮闘したら、すごく溺愛されました～	サンボン	ハイファンタジー(ファンタジー)	https://ncode.syosetu.com/N5873IB
【完結】スパイ令嬢　～妹に婚約者を奪われた伯爵令嬢、実は敵国のスパイだったことに誰も気づかない～	日之影ソラ（ノベル19シリーズ）	ハイファンタジー(ファンタジー)	https://ncode.syosetu.com/N5650IB
ミリしら転生ゲーマー　～1ミリも知らないゲームの世界に転生したけど全力で原作を守護ります～	ウスバー	ハイファンタジー(ファンタジー)	https://ncode.syosetu.com/N4744IA
とんでもスキルで異世界放浪メシ	江口　連	ハイファンタジー(ファンタジー)	https://ncode.syosetu.com/N2710DB
万年ヒラの支援魔術師、最強の賢者になる～不人気の支援魔術師は給料泥棒だと魔術大学をクビになったが、出世した元教え子たちのおかげで何も困らない件～	苗原一	ハイファンタジー(ファンタジー)	https://ncode.syosetu.com/N9997IA
追放されて早十年のオッサン冒険者、久々に健康診断を受けたらステータスがとんでもないことになっていた～一日にちょっとずつステータスが上がるスキル【晩成】が今更覚醒していました～	夜分長文@「追放された使用人」書籍化	ハイファンタジー(ファンタジー)	https://ncode.syosetu.com/N1780IB
【完結】魔王を倒してスキルを失ったら「用済み」と国を追放された勇者、数年後に里帰りしてみると既に祖国が滅んでいた	きなこもちこ	ハイファンタジー(ファンタジー)	https://ncode.syosetu.com/N5523IB
神様なんか信じてないけど、【神の奇跡】はぶん回す　～自分勝手に魔法を増やして、異世界で無双する（予定）～	リウト銃士	ハイファンタジー(ファンタジー)	https://ncode.syosetu.com/N6344HU
【完結】ノケモノ黒魔術師のやり直し。２週目人生をＬｖ９９９の闇の力で、最凶魔王と呼ばれて無双する。勇者に裏切られ、命と愛する者を奪われた俺、過去に戻ってすべてを取り戻します！	こはるんるん(『竜王に拾われて魔法を極めた少年』2/15発売）	ハイファンタジー(ファンタジー)	https://ncode.syosetu.com/N2667IB
６歳の王子は無自覚に兄を断罪する	土広  真央加	ハイファンタジー(ファンタジー)	https://ncode.syosetu.com/N9169IA
スキルの素を3つ選べって言うけど、早いもの勝ちで余りモノしか残っていませんでした。※『スキル』と『スキルの素』の違いに気づいた俺は異世界でチートスキルを生み出してバカにした奴らを見返します。	ヒゲ抜き地蔵	ハイファンタジー(ファンタジー)	https://ncode.syosetu.com/N7030IA
異世界のんびり農家	内藤騎之介	ハイファンタジー(ファンタジー)	https://ncode.syosetu.com/N3289DS
魔女と傭兵	超法規的かえる	ハイファンタジー(ファンタジー)	https://ncode.syosetu.com/N2819HA
国に最強のバリアを張ったら平和になりすぎて追放されました。そのバリア、永続じゃないよ？	CK	ハイファンタジー(ファンタジー)	https://ncode.syosetu.com/N1336HZ
【書籍化】神様のミスで異世界にポイっとされました　～元サラリーマンは自由を謳歌する～	でんすけ	ハイファンタジー(ファンタジー)	https://ncode.syosetu.com/N3811HG
実家を二度追放された俺、弱小国に拾われて無双の英雄となる。【スキル鑑定・極】が発現して、騎士や魔法使いたちの能力を片っ端から底上げしてたら、いつのまにか世界最強国家になっていたようです。	六志麻あさ ＠『英霊召喚』5巻＆『チート付与』4巻発売中！	ハイファンタジー(ファンタジー)	https://ncode.syosetu.com/N5861IA
片田舎のおっさん、剣聖になる　～ただの田舎の剣術師範だったのに、大成した弟子たちが俺を放ってくれない件～	佐賀崎しげる	ハイファンタジー(ファンタジー)	https://ncode.syosetu.com/N6895GP
英雄王、武を極めるため転生す ～そして、世界最強の見習い騎士♀～	ハヤケン	ハイファンタジー(ファンタジー)	https://ncode.syosetu.com/N2933FJ
駆けろ雑兵〜ガストン卿出世譚	小倉ひろあき	ハイファンタジー(ファンタジー)	https://ncode.syosetu.com/N4836IA
転生したら、子どもに厳しい世界でした。	梨香	ハイファンタジー(ファンタジー)	https://ncode.syosetu.com/N9436IA
老後に備えて異世界で８万枚の金貨を貯めます	FUNA	ハイファンタジー(ファンタジー)	https://ncode.syosetu.com/N5529CY
剣と魔法と学歴社会 〜前世ガリ勉だった俺は今世では風任せに生きる〜	West  Inlet	ハイファンタジー(ファンタジー)	https://ncode.syosetu.com/N7463HO
【web版】ブチ切れ令嬢は報復を誓いました。〜魔導書の力で祖国を叩き潰します〜	はぐれメタボ	ハイファンタジー(ファンタジー)	https://ncode.syosetu.com/N6981GN
剣聖と大賢者の正体が、落第貴族と呼ばれる俺な件について～しょうがないから守護神してるけど、さっさと変わってほしい暗躍学院ライフ～	タンバ	ハイファンタジー(ファンタジー)	https://ncode.syosetu.com/N8008HZ
最強陰陽師の異世界転生記　～下僕の妖怪どもに比べてモンスターが弱すぎるんだが～	小鈴危一	ハイファンタジー(ファンタジー)	https://ncode.syosetu.com/N1290FF
お気楽領主の楽しい領地防衛  〜生産系魔術で名もなき村を最強の城塞都市に〜	赤池宗	ハイファンタジー(ファンタジー)	https://ncode.syosetu.com/N8733GF
◆書籍化◆王空騎士団と救国の聖女～無敵の飛翔能力者アイリスの物語～	守雨	ハイファンタジー(ファンタジー)	https://ncode.syosetu.com/N4266HY
【アニメ放送中！】陰の実力者になりたくて！【web版】	逢沢大介	ハイファンタジー(ファンタジー)	https://ncode.syosetu.com/N0611EM
魔術師クノンは見えている	南野海風	ハイファンタジー(ファンタジー)	https://ncode.syosetu.com/N1314HD
『植樹』なんて使えないと実家を追放された元嫡男の、ゼロから始めるスローライフ　～神鳥さんが言うことには、僕が植えられる樹は世界樹みたいです～	しんこせい(『お助けキャラ』1巻2/24発売！)	ハイファンタジー(ファンタジー)	https://ncode.syosetu.com/N6930HZ
ブリッツ・マジック・スケーリング　～異世界で最も複雑な魔法陣の作り方～	支倉凍砂	ハイファンタジー(ファンタジー)	https://ncode.syosetu.com/N4486HZ
【書籍化決定】転生難民少女は市民権を０から目指して働きます！	鳥助	ハイファンタジー(ファンタジー)	https://ncode.syosetu.com/N4727HV
大好きなお姉ちゃんが婚約破棄されて修道院送りになりました　～優しいお姉ちゃんの親友に便利な魔法を教えてもらったので、お姉ちゃんを助けたいと思います～	ヒデミケ	ハイファンタジー(ファンタジー)	https://ncode.syosetu.com/N1311IB
バスタード・ソードマン	ジェームズ・リッチマン	ハイファンタジー(ファンタジー)	https://ncode.syosetu.com/N9619HU
【書籍化】アルマーク   ～北の剣、南の杖～	やまだのぼる	ハイファンタジー(ファンタジー)	https://ncode.syosetu.com/N9407FU
商人令嬢はお金の力で無双する	西崎ありす	ハイファンタジー(ファンタジー)	https://ncode.syosetu.com/N7979HV
聖女さまは取り替え子	灯乃	ハイファンタジー(ファンタジー)	https://ncode.syosetu.com/N8633HZ
S級ギルドを追放されたけど、実は俺だけドラゴンの言葉がわかるので、気付いたときには竜騎士の頂点を極めてました。	三木なずな	ハイファンタジー(ファンタジー)	https://ncode.syosetu.com/N7619GQ
仲間に裏切られた俺は魔王に転生する。俺だけの最強国家を魔界に築き上げ、最強魔族の軍団を編成したので、地上にいる仲間の領土に侵攻する。さあ、待ってろよ裏切り者ども。	六志麻あさ ＠『英霊召喚』5巻＆『チート付与』4巻発売中！	ハイファンタジー(ファンタジー)	https://ncode.syosetu.com/N5601IB
解雇された暗黒兵士（３０代）のスローなセカンドライフ	岡沢六十四	ハイファンタジー(ファンタジー)	https://ncode.syosetu.com/N0617FD
泡沫に神は微睡む	安田　のら	ハイファンタジー(ファンタジー)	https://ncode.syosetu.com/N6274HB
物理型白魔導師の軌跡　〜ソロの支援職、自分にバフを盛って攻撃特化無双。後方支援？そんな事より暴力です！〜	桜ノ宮天音	ハイファンタジー(ファンタジー)	https://ncode.syosetu.com/N9314HZ
転生したら、悪役令嬢の父親だった	京　五月	ハイファンタジー(ファンタジー)	https://ncode.syosetu.com/N9275HQ
２度目の人生、と思ったら、実は３度目だった。～歴史知識と内政努力で不幸な歴史の改変に挑みます～	take4	ハイファンタジー(ファンタジー)	https://ncode.syosetu.com/N0890HW
最強出涸らし皇子の暗躍帝位争い～帝位に興味ないですが、死ぬのは嫌なので弟を皇帝にしようと思います～	タンバ	ハイファンタジー(ファンタジー)	https://ncode.syosetu.com/N2377FH
天才魔術師を弟に持つと人生はこうなる	江崎乙鳥	ハイファンタジー(ファンタジー)	https://ncode.syosetu.com/N8703HN
召喚された賢者は異世界を往く　～最強なのは不要在庫のアイテムでした～	夜州	ハイファンタジー(ファンタジー)	https://ncode.syosetu.com/N9275EI
地獄の沙汰も黄金次第　～会社をクビになったけど、錬金術とかいうチートスキルを手に入れたので人生一発逆転を目指します～	出雲大吉	ローファンタジー(ファンタジー)	https://ncode.syosetu.com/N1932IA
生放送！　ＴＳエルフ姫ちゃんねる　～ハイスペックな体で無自覚スーパープレイ連発します～	ミミ＠受賞作『ダンジョン城下町運営記』発売中	ローファンタジー(ファンタジー)	https://ncode.syosetu.com/N5836IA
レベルガチャ～ハズレステータス『運』が結局一番重要だった件～	皇　雪火	ローファンタジー(ファンタジー)	https://ncode.syosetu.com/N6136HZ
リスナーに騙されてダンジョンの最下層から脱出RTAすることになった	離村(恋狸)	ローファンタジー(ファンタジー)	https://ncode.syosetu.com/N3177IB
独自ダンジョン攻略	差波　辰光	ローファンタジー(ファンタジー)	https://ncode.syosetu.com/N3369IA
おまえんちヒールないの？	野井ぷら@12ハロンのチクショー道発売中！	ローファンタジー(ファンタジー)	https://ncode.syosetu.com/N6725IA
うちの畑にダンジョンができたので冒険者になってみる～気が付いたら見下してきていた冒険者を実力でぶち抜いたり美少女婚約者が出来たりしていた件	たうめりる	ローファンタジー(ファンタジー)	https://ncode.syosetu.com/N6767HY
主人公になり損ねたオジサン	カブキマン	ローファンタジー(ファンタジー)	https://ncode.syosetu.com/N9210IA
神社でお祈りしたらまるでゲームな能力を手に入れました。～俺だけ能力複数持ちで超無双	Albireo	ローファンタジー(ファンタジー)	https://ncode.syosetu.com/N6315IA
異世界から帰還したら地球もかなりファンタジーでした。あと、負けヒロインどもこっち見んな。	飯田栄静＠市村鉄之助	ローファンタジー(ファンタジー)	https://ncode.syosetu.com/N6335HY
ダンジョンで潮干狩りを	大正	ローファンタジー(ファンタジー)	https://ncode.syosetu.com/N9657HS
かみつき！　～お憑かれ少年の日常～	仏ょも	ローファンタジー(ファンタジー)	https://ncode.syosetu.com/N4138IB
 俺だけ持っている【異世界の記憶】スキルが最強すぎる件〜ダンジョン溢れる現代を、チート知識と数多のスキルで超速レベルアップして無双します〜	あおぞら	ローファンタジー(ファンタジー)	https://ncode.syosetu.com/N4175IA
庭にできたダンジョンではどうやら時間が止まるらしい～ダンジョン攻略が楽しくて無限に潜っていたらいつの間にか世界最強になっていました～	AteRa	ローファンタジー(ファンタジー)	https://ncode.syosetu.com/N9308HZ
【超速爆速レベルアップ】～俺だけ入れるダンジョンはゴールドメタルスライムの狩り場でした～　	シオヤマ琴@コミカライズ2作、書籍化1作準備中	ローファンタジー(ファンタジー)	https://ncode.syosetu.com/N7905IA
成り上がり英雄の無人島奇譚 ～スキルアップと万能アプリで美少女たちと快適サバイバル～	絢乃	ローファンタジー(ファンタジー)	https://ncode.syosetu.com/N4664IA
庭にできた異世界で丸儲け。破格なクエスト報酬で社畜奴隷からニートになる。〜投資額に応じたスキルを手に入れると現実世界でもいつのまにか無双していました〜	k-ing	ローファンタジー(ファンタジー)	https://ncode.syosetu.com/N0348IB
千早ちゃんの評判に深刻なエラー	氷純	ローファンタジー(ファンタジー)	https://ncode.syosetu.com/N3141HU
「書籍化」モブな主人公　〜小説の中のモブだけど問題がある	バッド	ローファンタジー(ファンタジー)	https://ncode.syosetu.com/N1218HU
わらしべ長者で宇宙海賊	岸若まみず	ローファンタジー(ファンタジー)	https://ncode.syosetu.com/N8236HZ
ハズレ職業【運び屋】になった俺はダンジョンでレベルを上げる	カンチェラーラ	ローファンタジー(ファンタジー)	https://ncode.syosetu.com/N6182HY
俺にはこの暗がりが心地よかった	星崎崑	ローファンタジー(ファンタジー)	https://ncode.syosetu.com/N7820GO
世の中が嫌になったので、死亡フラグと言われる地下迷宮作って引きこもり、スローライフなニート生活を満喫しようとするけど、迷宮攻略に来る探索者が邪魔をするからから撃退・返り討ちにしていく話	よぎそーと／ファンティアやってる	ローファンタジー(ファンタジー)	https://ncode.syosetu.com/N5237IA
極東救世主伝説～極東で生まれたやべーやつは如何にして救世主と呼ばれるようになったか～	仏ょも	ローファンタジー(ファンタジー)	https://ncode.syosetu.com/N4965HV
10年ごしの引きニートを辞めて外出したら自宅ごと異世界に転移してた	坂東太郎	ローファンタジー(ファンタジー)	https://ncode.syosetu.com/N7594CT
【書籍化】転生陰陽師・賀茂一樹【＆コミカライズ決定】	赤野用介	ローファンタジー(ファンタジー)	https://ncode.syosetu.com/N5911HS
僕は今すぐ前世の記憶を捨てたい。	旭／星畑旭	ローファンタジー(ファンタジー)	https://ncode.syosetu.com/N9954HB
乙女ゲー世界はモブに厳しい世界です	三嶋　与夢	ローファンタジー(ファンタジー)	https://ncode.syosetu.com/N3191EH
パンと弾丸と　Ꮚ・ω・Ꮚメー（ゾンビ世界の少女兵がダンジョン界隈で強くてかわいいパン屋さんになる話）	今際之キワミ	ローファンタジー(ファンタジー)	https://ncode.syosetu.com/N3242HY
評判最悪男、魔女になる	出雲大吉	ローファンタジー(ファンタジー)	https://ncode.syosetu.com/N7924GX
闇深少女になったから曇らせたい	香月 燈火	ローファンタジー(ファンタジー)	https://ncode.syosetu.com/N0156IA
【書籍化＆コミカライズ２本】異世界帰りのアラフォーリーマン、１７歳の頃に戻って無双する	遊野優矢	ローファンタジー(ファンタジー)	https://ncode.syosetu.com/N7707GS
田んぼで拾った女騎士、田舎で俺の嫁だと思われている	錬金王	ローファンタジー(ファンタジー)	https://ncode.syosetu.com/N8343HM
朝起きたら探索者《シーカー》になっていたのでダンジョンに潜ってみる　〜１レベルから始める地道なレベルアップ〜	いかぽん	ローファンタジー(ファンタジー)	https://ncode.syosetu.com/N5865HU
異世界帰りのペド吸血鬼は自堕落に生きたい	出雲大吉	ローファンタジー(ファンタジー)	https://ncode.syosetu.com/N0799HM
中年魔術師の悠々自適なダンジョン攻略～スキルオーブを使ったら最強スキルを手に入れたので、好きに生きようと思います～	ロウ	ローファンタジー(ファンタジー)	https://ncode.syosetu.com/N6149GV
我が家の地下にレアダンジョンができたんですが・・	エクスボーン	ローファンタジー(ファンタジー)	https://ncode.syosetu.com/N0872GP
【書籍化】現代陰陽師は転生リードで無双する	爪隠し	ローファンタジー(ファンタジー)	https://ncode.syosetu.com/N5327HJ
高校生は今日も迷宮に向かう	はま	ローファンタジー(ファンタジー)	https://ncode.syosetu.com/N9691HZ
派遣社員、ファンタジーが来た現代でチートスキルを使い商人になる。	あれです。	ローファンタジー(ファンタジー)	https://ncode.syosetu.com/N6285HY
ガチャと奴隷と異世界ゲーム　Qモンスターが歩き回るヤバい世界になりました。どう生きればいいですか?　A異世界ガチャで美少女奴隷を当てましょう。そうすればボッチでも素敵な終末ハーレムライフを送れます! 	歩谷健介	ローファンタジー(ファンタジー)	https://ncode.syosetu.com/N6790HL
世界最速のレベルアップ　～無能スキル【ダンジョン内転移】が覚醒した結果、俺だけダンジョンのルールに縛られず最強になった～	八又ナガト	ローファンタジー(ファンタジー)	https://ncode.syosetu.com/N3976GK
高校からの帰り道、錬金術が使えるようになりました。	マーチ・メイ	ローファンタジー(ファンタジー)	https://ncode.syosetu.com/N6426HY
【書籍化】この世界がいずれ滅ぶことを、俺だけが知っている【コミカライズ連載中】	灰島シゲル	ローファンタジー(ファンタジー)	https://ncode.syosetu.com/N4816HE
TS衛生兵さんの成り上がり	サンキューカッス	ローファンタジー(ファンタジー)	https://ncode.syosetu.com/N1580HL
朝起きたら女性エルフになっていたんだけど、俺はどうすればいいんですか？	スカーレッドG	ローファンタジー(ファンタジー)	https://ncode.syosetu.com/N4542IB
熾天使さんは傍観者	位名月	ローファンタジー(ファンタジー)	https://ncode.syosetu.com/N8651IA
モンスターがあふれる世界になったので、好きに生きたいと思います	よっしゃあっ！	ローファンタジー(ファンタジー)	https://ncode.syosetu.com/N9418EG
特に特徴のない世界に異世界ゲートができたのに覚醒した俺の職業はクソ雑魚の【弱体術師】！？1人じゃ戦えないと大多数には笑われたけど俺を信じてくれた親友達と共に俺の事を見下してきた奴らを見返します！	ルシェ	ローファンタジー(ファンタジー)	https://ncode.syosetu.com/N8090HZ
人類にレベルシステムが導入されました	月汰元	ローファンタジー(ファンタジー)	https://ncode.syosetu.com/N1143GB
もう、いらない	三香	純文学(文芸)	https://ncode.syosetu.com/N9343IB
「会社サボって海を見に行こう」と思い、本当に海に行ったら課長がいたんだが	エタメタノール	純文学(文芸)	https://ncode.syosetu.com/N9215IA
行きつけのコンビニの店員さんは常連客にあだ名をつけてるけど、みんなあだ名が物騒すぎる	エタメタノール	純文学(文芸)	https://ncode.syosetu.com/N6525IB
悪魔の花嫁【連載式コミカライズ配信中】	村岡みのり	純文学(文芸)	https://ncode.syosetu.com/N9555FR
夫が仕事から帰って「夕食は？」と聞くと妻は「カップ麺よ」と言い放つ	エタメタノール	純文学(文芸)	https://ncode.syosetu.com/N1197IA
孤独な王女様、滅びを誘う魔女の結末。	天兎クロス	純文学(文芸)	https://ncode.syosetu.com/N1078IB
安楽死ホテル	殿水結子	純文学(文芸)	https://ncode.syosetu.com/N6034IB
ある作家の晩年	砂臥 環	純文学(文芸)	https://ncode.syosetu.com/N8544IA
隣人の美女が「偽札……作りすぎちゃって」と出来の悪い偽札を持ってきた	エタメタノール	純文学(文芸)	https://ncode.syosetu.com/N0742IB
短編【王妃になった姉妹の結末】廃妃は二度目の恋を知る	越智屋ノマ 	純文学(文芸)	https://ncode.syosetu.com/N3901HW
謝るということの大切さ	九傷	純文学(文芸)	https://ncode.syosetu.com/N8435IA
【超短編】逆行する令嬢の真相	越智屋ノマ 	純文学(文芸)	https://ncode.syosetu.com/N3149HX
人間関係はギブアンドテイク、だけど俺はバイト先で足手まといの同僚にギブばかりしている	エタメタノール	純文学(文芸)	https://ncode.syosetu.com/N3817IA
秘密の話をしようか	しましまにゃんこ	純文学(文芸)	https://ncode.syosetu.com/N8492IA
「オジサンのミルクは美味しいかい？」	しいたけ	純文学(文芸)	https://ncode.syosetu.com/N2962IB
特保みたいな恋をした	鞠目	純文学(文芸)	https://ncode.syosetu.com/N4050IB
悪魔と人間の子～悪魔の花嫁シリーズ娘編～	村岡みのり	純文学(文芸)	https://ncode.syosetu.com/N0207HY
BtoDビジネス	村崎羯諦	純文学(文芸)	https://ncode.syosetu.com/N6241IB
幕引き　はるさんの話	秋の桜子	純文学(文芸)	https://ncode.syosetu.com/N1108IB
このまっしろな世界はどこまでも続いていく	未来屋　環	純文学(文芸)	https://ncode.syosetu.com/N4402IB
「悪魔の花嫁」シリーズ、ショートストーリー	村岡みのり	純文学(文芸)	https://ncode.syosetu.com/N2711HN
冷凍保存された湯島先生と左利きの猫	村崎羯諦	純文学(文芸)	https://ncode.syosetu.com/N0473IB
アイオク！ 〜 あたしはお母さんの愛を落札した 〜	しいな　ここみ	純文学(文芸)	https://ncode.syosetu.com/N6622IA
『妖精騎士の物語 』　少女は世界を変える	ペルスネージュ	純文学(文芸)	https://ncode.syosetu.com/N6905FX
ドクターにゃんこ相談室	白夜いくと	純文学(文芸)	https://ncode.syosetu.com/N7978IA
夫婦喧嘩中継	村崎羯諦	純文学(文芸)	https://ncode.syosetu.com/N7641IA
車の自動運転におけるトロッコ問題	しいたけ	純文学(文芸)	https://ncode.syosetu.com/N5947IA
お米よあれが酒樽だなどと言いそうな御仁	黒森  冬炎	純文学(文芸)	https://ncode.syosetu.com/N5298IB
不治の病に侵された薄幸のヒロインになりきる佐藤くんのふくふくとした奥さん。	秋の桜子	純文学(文芸)	https://ncode.syosetu.com/N7391IB
ドブ川のほとり	しいたけ	純文学(文芸)	https://ncode.syosetu.com/N9375IB
泥中のスノードロップ	三千	純文学(文芸)	https://ncode.syosetu.com/N4953IB
娘の誕生日会に誰も来なかった	たらこくちびる毛	純文学(文芸)	https://ncode.syosetu.com/N5787HP
醜聞で失脚した天才お笑い芸人の俺を相方が死ぬほどイジってくる	江古左だり	純文学(文芸)	https://ncode.syosetu.com/N6312HZ
ウサギ沼に落ちた男の話	高取和生	純文学(文芸)	https://ncode.syosetu.com/N8086IA
麦フェッショナル　麦芽の流儀	鞠目	純文学(文芸)	https://ncode.syosetu.com/N9974IB
名前のない星座を見上げて	高坂岬	純文学(文芸)	https://ncode.syosetu.com/N6371IB
うるせぇオヤジのこと	しいたけ	純文学(文芸)	https://ncode.syosetu.com/N9761IB
嫉妬 〜プライド	秋の桜子	純文学(文芸)	https://ncode.syosetu.com/N8808IA
幸せの貯金箱	殿水結子	純文学(文芸)	https://ncode.syosetu.com/N9500HY
彼女が見知らぬ男と駅前でデートをしていた。え、婚約者ってどういうこと？	Ｑ輔	純文学(文芸)	https://ncode.syosetu.com/N2467IA
あなたって卑怯者ね	山田マイク	純文学(文芸)	https://ncode.syosetu.com/N4846IB
余命3000文字	村崎羯諦	純文学(文芸)	https://ncode.syosetu.com/N0112GC
おかんからの電話で、おかんがオレオレ詐欺の被害に遭ったことを知る	鞠目	純文学(文芸)	https://ncode.syosetu.com/N2200IA
或る男性とパンティストッキングの夢	くまの　ほたり	純文学(文芸)	https://ncode.syosetu.com/N8908IA
今日も電波塔で龍が死んでいる	ふとんねこ	純文学(文芸)	https://ncode.syosetu.com/N3949HS
神様に見えました	ＸＩ	純文学(文芸)	https://ncode.syosetu.com/N8190IA
夢観測所	村崎羯諦	純文学(文芸)	https://ncode.syosetu.com/N9173IB
アイオク！　〜 俺は愛してくれる彼女が欲しい 〜	しいな　ここみ	純文学(文芸)	https://ncode.syosetu.com/N8704IA
婚約破棄による経済効果	yuyu	純文学(文芸)	https://ncode.syosetu.com/N9380FV
信じて露出したスク水に穴が空いていた	しいたけ	純文学(文芸)	https://ncode.syosetu.com/N8095IA
お姉様が大嫌いだから、評判の悪い侯爵様のところへ嫁に出してやりました。	マンムート	ヒューマンドラマ(文芸)	https://ncode.syosetu.com/N9952IA
エバレット嬢の死の真相を知る者は、その重みに耐えねば成らない	龍槍	ヒューマンドラマ(文芸)	https://ncode.syosetu.com/N9813IA
性悪の私と婚約破棄して、聖女の義妹と結婚ですか？　殿下、それはおやめになった方がよろしいかと	北雪　舞	ヒューマンドラマ(文芸)	https://ncode.syosetu.com/N6511IB
 外面イイ子ひとり我慢属性の七歳児とデレ未覚醒ツンツン寂しがり屋双子の五歳児を持つ、無口で仕事人間な十歳上の辺境伯に嫁入りした私の日常生活を誰か聞いてください	千東風子	ヒューマンドラマ(文芸)	https://ncode.syosetu.com/N8275IB
転生したら愛人の娘だったが虐待されていた正妻の娘を保護してもらうことにした～転生ヒロインは世界が乙女ゲーの舞台だと気づかない～	紀伊章(kii)　名前変更しました	ヒューマンドラマ(文芸)	https://ncode.syosetu.com/N8924IA
田舎者の真面目なモブ令嬢はすごくすごく頑張ったのに…！	夕戸　蛍	ヒューマンドラマ(文芸)	https://ncode.syosetu.com/N3654IB
エバレットの死を悼む『資格』が有るモノは……　居るのだろうか？	龍槍	ヒューマンドラマ(文芸)	https://ncode.syosetu.com/N7327IA
愛人を愛してるから私とは白い結婚、ねぇ…。そんなら好き勝手に平民に混じって遊ぼうかなー。成金男爵令嬢、金目当ての子爵家に嫁ぐも不遇な扱いを受けるのでストレス発散に領内で成金チートして遊ぶ。	下菊みこと	ヒューマンドラマ(文芸)	https://ncode.syosetu.com/N7503IB
逆ハー要員と思われていた側近たちの言い分	紀伊章(kii)　名前変更しました	ヒューマンドラマ(文芸)	https://ncode.syosetu.com/N2029IB
たしかに私は『聞き上手令嬢』ですが、何でも言うことを聞くだなんて誤解ですわよ？	来住野つかさ	ヒューマンドラマ(文芸)	https://ncode.syosetu.com/N3426IB
公爵令嬢エバレットの、『最後の挨拶』	龍槍	ヒューマンドラマ(文芸)	https://ncode.syosetu.com/N6593IA
そんな俺は、廃太子。《　転生王子の逃避、あるいは　安寧への力業　》	龍槍　＠　リハビリ中	ヒューマンドラマ(文芸)	https://ncode.syosetu.com/N9202GQ
お父様、自業自得という言葉をご存じですか？　悪いのは全て貴方です。	ノ木瀬　優	ヒューマンドラマ(文芸)	https://ncode.syosetu.com/N8711IA
明日がどうなるか、誰にも分からない	杜野秋人	ヒューマンドラマ(文芸)	https://ncode.syosetu.com/N2607IB
【短編】コレットお嬢様は恋がしたい　～浮気男はお断り！	ぷよ猫	ヒューマンドラマ(文芸)	https://ncode.syosetu.com/N6331IA
令嬢・オブ・ザ・デッド　〜２人の巫女と王国の滅ぶ日〜	川崎悠@反逆の勇者、書籍発売中。	ヒューマンドラマ(文芸)	https://ncode.syosetu.com/N5263IB
そういうとこだぞ	あとさん♪	ヒューマンドラマ(文芸)	https://ncode.syosetu.com/N4809IA
なんでもいいからとりあえず金持ちにすり寄っとけ精神でチョロチョロ周りをうろついてたら、なんかお互い必要不可欠になった。	下菊みこと	ヒューマンドラマ(文芸)	https://ncode.syosetu.com/N6983IA
そんな貴殿は、廃太子。　《宰相の苦悩　令嬢の告解》	龍槍　＠　リハビリ中	ヒューマンドラマ(文芸)	https://ncode.syosetu.com/N4203GS
聖女様の風評被害	章槻雅希	ヒューマンドラマ(文芸)	https://ncode.syosetu.com/N6781IB
公爵令嬢を押しのけて王子を手に入れた男爵令嬢です。嵌められました。	琥珀川　あまな	ヒューマンドラマ(文芸)	https://ncode.syosetu.com/N2105IB
そんな貴方は、廃太子。　《王宮上級女官　サリーの独白》	龍槍　＠　リハビリ中	ヒューマンドラマ(文芸)	https://ncode.syosetu.com/N4174GR
【書籍・漫画化しました！】異世界メイドの三ツ星グルメ ～現代ごはん作ったら王宮で大バズリしました～【旧題・美食おぼっちゃまの転生メイド】	モリタ	ヒューマンドラマ(文芸)	https://ncode.syosetu.com/N6589HL
没落する公爵家の令嬢	川崎悠@反逆の勇者、書籍発売中。	ヒューマンドラマ(文芸)	https://ncode.syosetu.com/N2304HW
ドアマットヒロインの母親はよく死ぬ	川崎悠@反逆の勇者、書籍発売中。	ヒューマンドラマ(文芸)	https://ncode.syosetu.com/N6508HW
白い結婚はそちらが言い出したことですわ	来住野つかさ	ヒューマンドラマ(文芸)	https://ncode.syosetu.com/N1894IB
誰の代わりに愛されているのか知った私は優しい嘘に溺れていく	矢野りと	ヒューマンドラマ(文芸)	https://ncode.syosetu.com/N3442IA
うつけ皇子と悪役令嬢	たまごやき	ヒューマンドラマ(文芸)	https://ncode.syosetu.com/N9059IA
幸せオムライス　２	瀬嵐しるん	ヒューマンドラマ(文芸)	https://ncode.syosetu.com/N2135IB
転生魔王の配信生活	白神 怜司	ヒューマンドラマ(文芸)	https://ncode.syosetu.com/N7027HZ
婚約者が聖女様と結婚したいと言い出したので快く送り出してあげました。	はぐれメタボ	ヒューマンドラマ(文芸)	https://ncode.syosetu.com/N8281HZ
女神交代	水瀬	ヒューマンドラマ(文芸)	https://ncode.syosetu.com/N4260IB
逃がすもんか！！	じいちゃんっ子	ヒューマンドラマ(文芸)	https://ncode.syosetu.com/N0366IB
幸せオムライス	瀬嵐しるん	ヒューマンドラマ(文芸)	https://ncode.syosetu.com/N3910IA
召喚されたのは聖女様	川崎悠@反逆の勇者、書籍発売中。	ヒューマンドラマ(文芸)	https://ncode.syosetu.com/N3662HY
だいたい地下牢の前で自白する	川崎悠@反逆の勇者、書籍発売中。	ヒューマンドラマ(文芸)	https://ncode.syosetu.com/N1061HW
伝説の老騎士、アイドルVtuberになる。	東出八附子	ヒューマンドラマ(文芸)	https://ncode.syosetu.com/N2509IA
Stranger in strange town with NIWATORI	もちもち物質	ヒューマンドラマ(文芸)	https://ncode.syosetu.com/N1663IA
雨後の筍の王子様	川崎悠@反逆の勇者、書籍発売中。	ヒューマンドラマ(文芸)	https://ncode.syosetu.com/N9049HY
悪役令嬢は目覚めた	桃地優歌	ヒューマンドラマ(文芸)	https://ncode.syosetu.com/N6446GH
抑えきれない肉欲	瀬嵐しるん	ヒューマンドラマ(文芸)	https://ncode.syosetu.com/N0491IA
え、社内システム全てワンオペしている私を解雇ですか？【書籍化・コミカライズ】	下城米雪＠ワンオペ解雇コミカライズ連載中	ヒューマンドラマ(文芸)	https://ncode.syosetu.com/N6813GP
理性者の恋	あさな	ヒューマンドラマ(文芸)	https://ncode.syosetu.com/N7020IA
百花宮のお掃除係～転生した新米宮女、後宮のお悩み解決します。	黒辺あゆみ	ヒューマンドラマ(文芸)	https://ncode.syosetu.com/N4104EV
当然だったのかもしれない～問わず語り～	章槻雅希	ヒューマンドラマ(文芸)	https://ncode.syosetu.com/N9065IA
2人で異世界召喚されて来ましたけど私じゃないもう1人の方が聖女だと思いますから帰ります！	夕戸　蛍	ヒューマンドラマ(文芸)	https://ncode.syosetu.com/N0800HX
12ハロンの閑話道【書籍化】	野井ぷら	ヒューマンドラマ(文芸)	https://ncode.syosetu.com/N4830FC
食レポの達人やってますが、「うみゃぁぁぁい！」「頬が落ちりゅぅぅぅ！」「肉汁がぁぁぁ！」みたいなリアクションはもうやりたくないです	エタメタノール	ヒューマンドラマ(文芸)	https://ncode.syosetu.com/N9936IA
捨て悪役令嬢は怪物にお伽噺を語る	秋澤 えで	ヒューマンドラマ(文芸)	https://ncode.syosetu.com/N9237DL
傷ついた第一王子殿下は、異母妹を可愛がる	下菊みこと	ヒューマンドラマ(文芸)	https://ncode.syosetu.com/N3690IA
前世の知識は預言なの？　中世の常識は日本の非常識！ 現代常識とのギャップに振り回されるドタバタ喜劇の開幕です☆  【累計『120万PV』突破！！】【歴史日週月間１位達成】	宇佐美ナナ	歴史(文芸)	https://ncode.syosetu.com/N3865HN
天の子	夢樹明	歴史(文芸)	https://ncode.syosetu.com/N1915IB
俺は鉄道王になる！〜明治時代に転生した主人公が奮闘します！〜	御舘田黄門	歴史(文芸)	https://ncode.syosetu.com/N5342IA
戦国クラス転生	月本　一	歴史(文芸)	https://ncode.syosetu.com/N9258HZ
瑞雲高く〜戦国時代風異世界転生記〜	わだつみ	歴史(文芸)	https://ncode.syosetu.com/N1055IA
春雷記	槐	歴史(文芸)	https://ncode.syosetu.com/N3198HZ
おーい？桶狭間で信長死んだってよ	たにたけし	歴史(文芸)	https://ncode.syosetu.com/N9696HZ
戦国小町苦労譚	夾竹桃	歴史(文芸)	https://ncode.syosetu.com/N8406BM
冬嵐記	槐	歴史(文芸)	https://ncode.syosetu.com/N7459HN
信長の庶子	壬生一郎	歴史(文芸)	https://ncode.syosetu.com/N0921ED
宇宙人の日本史	甲殻類	歴史(文芸)	https://ncode.syosetu.com/N4690IA
織田家の長男に生まれました	いせひこ/大沼田伊勢彦	歴史(文芸)	https://ncode.syosetu.com/N0658DU
痛快娯楽時代劇　小田氏治	藤永太郎	歴史(文芸)	https://ncode.syosetu.com/N3835HA
明治大帝に転生したので、とりあえず大日本帝国が有利になるように歴史改変します！　	身長に伸び悩む作者	歴史(文芸)	https://ncode.syosetu.com/N4127HY
じゃない孔明転生記。軍師の師だといわれましても	二水うなむ	歴史(文芸)	https://ncode.syosetu.com/N9160GN
淡海乃海　水面が揺れる時	イスラーフィール	歴史(文芸)	https://ncode.syosetu.com/N9975DE
【書籍化】令和の化学者・鷹司耀子の帝都転生　～プラスチック素材で日本を救う～【旧題：鷹は瑞穂の空を飛ぶ】	雨堤俊次/コモンレール	歴史(文芸)	https://ncode.syosetu.com/N1453GS
羽林、乱世を翔る（異伝　淡海乃海 水面が揺れる時）	イスラーフィール	歴史(文芸)	https://ncode.syosetu.com/N0109FX
悪役令嬢の十五年戦争　 ～転生先は戦前の日本？！　このままじゃあ破滅フラグを回避しても駄目じゃない！！～	扶桑かつみ	歴史(文芸)	https://ncode.syosetu.com/N4583HE
大坂の幻〜豊臣秀重伝〜	ウツワ玉子	歴史(文芸)	https://ncode.syosetu.com/N8196HX
北政所様の御化粧係〜戦国の世だって美容オタクは趣味に生きたいのです〜	笹倉のり	歴史(文芸)	https://ncode.syosetu.com/N3567GS
ロシア人はネコスキー ～ ネコで旅順要塞を攻略せよ	もろこし	歴史(文芸)	https://ncode.syosetu.com/N6053IB
戦国一の職人 天野宗助　元タイトル・戦国花鳥風月	白龍斎	歴史(文芸)	https://ncode.syosetu.com/N9386DM
【漫画単行本発売中】斎藤義龍に生まれ変わったので、織田信長に国譲りして長生きするのを目指します！【本編完結】	巽未頼	歴史(文芸)	https://ncode.syosetu.com/N1980EH
謀反人の子に転生しちった。どうやって生きていこうか。	周防蛇足	歴史(文芸)	https://ncode.syosetu.com/N8950HY
鬼の子と呼ばないでください	赤嶺大輔	歴史(文芸)	https://ncode.syosetu.com/N7720GO
ドア開けたら戦国時代！？	デンデンムシMK-2	歴史(文芸)	https://ncode.syosetu.com/N2968IB
三日月が新たくなるまで俺の土地！～マイナー武将「新田政盛」に転生したので野望MAXで生きていきます～	篠崎冬馬	歴史(文芸)	https://ncode.syosetu.com/N9638GX
戦国時代に宇宙要塞でやって来ました。	横蛍	歴史(文芸)	https://ncode.syosetu.com/N9798EI
転生婿入りモブ豪族の戦国渡世～転移先の戦国時代に歴史ＳＬＧ「戦国統一」要素が混ざってる！？　桶狭間前年の世に現れた少年歴史ゲーマー、新田護邦　関東の片隅から天下を睨む～【イメージイラストはじめました】	友野　ハチ	歴史(文芸)	https://ncode.syosetu.com/N0270HT
信孝なんかに『本能寺の変』のとばっちりで殺されていられません～信澄公転生記～　	柳庵	歴史(文芸)	https://ncode.syosetu.com/N1990HE
【完結】　武田義信は謀略で天下取りを始めるようです　～信玄「今川攻めを命じたはずの義信が、勝手に徳川を攻めてるんだが？？？」～	田島はる	歴史(文芸)	https://ncode.syosetu.com/N9123HW
戦国生存記	現実逃避	歴史(文芸)	https://ncode.syosetu.com/N4826GS
下野小山戦国異聞　関東八屋形の復興	Rosen	歴史(文芸)	https://ncode.syosetu.com/N3237FH
生まれ変わったら曹昂だった。　前世の知識を活かして宛城の戦いで戦死しないで天寿を全うします	 雪国竜	歴史(文芸)	https://ncode.syosetu.com/N8586HG
【50万UA感謝！】織田勘十郎異伝〜自重しなかった結果、別家を立てて生き残ります。〜	八凪　柳一	歴史(文芸)	https://ncode.syosetu.com/N9531HU
偽典・演義　～とある策士の三國志（仮）～	仏ょも	歴史(文芸)	https://ncode.syosetu.com/N5802FT
本能寺から始める信長との天下統一  ©歴史知識は必要なし ９巻２月２５日発売 オーバーラップ文庫 電撃大王連載中  電撃コミックスNEXT ３巻10/27発売・１８１，０００，０００PV突破	常陸之介寛浩★ＯＶＬ５金賞受賞☆アルファ第4回歴史時代小説読者賞	歴史(文芸)	https://ncode.syosetu.com/N2656EV
海道一ノ弓取リ	葉室 貫之	歴史(文芸)	https://ncode.syosetu.com/N9938FY
ポンコツ魔女の戦国内政伝　～信長の嫁、はじめました～	九條葉月	歴史(文芸)	https://ncode.syosetu.com/N4738HV
戦武成伝　－武田に転生したと思ったら想像してたのと違う甲斐武田から枝分かれした安芸武田のさらに枝分かれの若狭武田だったので、滅亡しないように武をもって成り上がります－	尾羽内 鴉	歴史(文芸)	https://ncode.syosetu.com/N8480HJ
北条氏政転生　関八州どころか東日本は全部俺の物　西は信長に任せて俺は歴史知識を利用して天下統一を手助けします。	ヒバリ	歴史(文芸)	https://ncode.syosetu.com/N7813HF
信長公弟記～織田さんちの八男です～【コミカライズ連載中】	彩戸ゆめ	歴史(文芸)	https://ncode.syosetu.com/N1768DX
加賀100万石に仕える事になった	シムCM	歴史(文芸)	https://ncode.syosetu.com/N0561CM
ルイ16世に転生してしまった俺はフランス革命を全力で阻止してアントワネットと末永くお幸せに暮らしたい【WEB連載版】	スカーレッドG	歴史(文芸)	https://ncode.syosetu.com/N7403FU
盲目の軍師～武田信親伝～	紫雲	歴史(文芸)	https://ncode.syosetu.com/N1975GY
歴史知識不要！ 転生ヲタク光秀、引きニート希望中：おまいら放せっ！俺は絶対に本能寺しないからな！勝手に陰謀めぐらすな！	天のまにまに	歴史(文芸)	https://ncode.syosetu.com/N0870HY
転生三法師の奮闘記  ～魔王の孫とよばれて〜	夜鷹	歴史(文芸)	https://ncode.syosetu.com/N0901GO
三成、かがり火を消させず	狸　寝起	歴史(文芸)	https://ncode.syosetu.com/N2959HY
戦国時代に迷子！？	デンデンムシMK-2	歴史(文芸)	https://ncode.syosetu.com/N4454HV
薬屋のひとりごと	日向夏	推理(文芸)	https://ncode.syosetu.com/N9636X
後宮の右筆妃	つくも茄子	推理(文芸)	https://ncode.syosetu.com/N7561IA
盲目の織姫は後宮で皇帝との恋を紡ぐ	小早川真寛	推理(文芸)	https://ncode.syosetu.com/N1074FP
偽りの錬金術妃は後宮の闇を解く	三沢ケイ	推理(文芸)	https://ncode.syosetu.com/N3643IA
【書籍化】後宮の嫌われ白蛇妃ですが、推しのためなら悪意も美味しくいただきます！ 〜えーっと、殿下は推しじゃないです。なので溺愛はご遠慮ください〜	碧水雪乃＠『嫌われ白蛇妃』スターツ出版文庫から1/27発売	推理(文芸)	https://ncode.syosetu.com/N6480HY
後宮の女官占い師はウラを糾って謎を解く～行動心理の分析は推理に入りますか？	夢見里 龍	推理(文芸)	https://ncode.syosetu.com/N8451HZ
呪われるたび強くなる。スキル『呪具耐性』を授かりました。あれから十数年、名家から追い出された貴族の次男坊。ひとり身おっさんのもんもんスローライフ。	三神カミ	推理(文芸)	https://ncode.syosetu.com/N5157HW
侯爵令嬢の華麗なる追放劇	文字塚	推理(文芸)	https://ncode.syosetu.com/N4385IB
彼ぴっぴしゅきしゅきビーム殺人事件	経済的ゾンビ	推理(文芸)	https://ncode.syosetu.com/N9273GZ
【書籍化決定】後宮食医の薬膳帖～疎まれ廃姫は毒を喰らいて華と為す	夢見里 龍	推理(文芸)	https://ncode.syosetu.com/N9434HQ
【書籍化、コミカライズ】《第三章完結》愛読家、日々是好日〜慎ましく、天衣無縫に後宮を駆け抜けます〜	琴乃葉	推理(文芸)	https://ncode.syosetu.com/N0267HK
窓辺の席の白雪姫～薔薇庭園の謎～	アッサムてー	推理(文芸)	https://ncode.syosetu.com/N7817IA
謎が解けなきゃ、被害者は私だ。	吉川緑	推理(文芸)	https://ncode.syosetu.com/N4408HI
魔眼の宮廷魔術師は眼鏡を外し、謎解きを嗜む	秋月　忍	推理(文芸)	https://ncode.syosetu.com/N0901HJ
『飽きた』と書いた紙で異世界に行けたけど、破滅した悪役令嬢の代役だった	枝豆ずんだ	推理(文芸)	https://ncode.syosetu.com/N4008FC
誰が聖女を殺したか？	榛名丼	推理(文芸)	https://ncode.syosetu.com/N7202GP
うちの後宮の乱れがすごい！	コーチャー	推理(文芸)	https://ncode.syosetu.com/N4481IB
異世界の名探偵（旧題:ファンタジーにおける名探偵の必要性）	片里鴎(カタザト)	推理(文芸)	https://ncode.syosetu.com/N7033BR
乙女ゲームの攻略対象になっていたんだけど、ヒロインはどこに居るかわからないしそもそも物語が始まっていないっぽい？　とにかく学園は立て直したいです。ガチ勢なので。	弓良　十矢　No War	推理(文芸)	https://ncode.syosetu.com/N2911IA
伯爵夫人の遺書	水谷繭	推理(文芸)	https://ncode.syosetu.com/N2581HK
勇者が死んだので三等書記官は魔王城へ行きます	コーチャー	推理(文芸)	https://ncode.syosetu.com/N8797EA
剥製屋事件簿その２３（人殺しは見れば分かる）	仙堂ルリコ	推理(文芸)	https://ncode.syosetu.com/N0438IA
ハルカとカナタと８年後の世界で目覚めた俺	猫カレーฅ ^•ω•^ ฅ	推理(文芸)	https://ncode.syosetu.com/N7194IB
アイドルのマネージャーにはなりたくない	塚山　凍	推理(文芸)	https://ncode.syosetu.com/N3691HK
【コミカライズ連載中】塔の医学録　～悪魔に仕えたメイドの記～	澁澤まこと	推理(文芸)	https://ncode.syosetu.com/N3631GA
剥製屋事件簿その２４（人殺しは見ればわかる）	仙堂ルリコ	推理(文芸)	https://ncode.syosetu.com/N4078IB
レベル１の俺が魔王を倒すと言ったら、みんな笑った。でも、前世が名探偵だったおかげで本当に倒してしまい……	からくらり	推理(文芸)	https://ncode.syosetu.com/N6764FU
アラサーがJKに転生して楽しいのか？	別所 燈 	推理(文芸)	https://ncode.syosetu.com/N7677FD
時計屋の兎（ラビット）	狭山ひびき	推理(文芸)	https://ncode.syosetu.com/N0051GP
【謎解き】孤島の殺人事件に興味ある人、この指とーまれ(●´ω`●)【してみない？？】	浦田　緋色 （ウラタ　ヒイロ）	推理(文芸)	https://ncode.syosetu.com/N1477HI
海の神隠し	つな星	推理(文芸)	https://ncode.syosetu.com/N9016IA
公爵令嬢カタリナの推理──王太子妃候補２人＋愛されピンク髪男爵令嬢が王立歌劇場で大激突☆から発生した不可能犯罪を、華麗に解決してご覧に入れますわ！	琥珀	推理(文芸)	https://ncode.syosetu.com/N1040HU
剥製屋事件簿その二十二（人殺しは見れば分かる）	仙堂ルリコ	推理(文芸)	https://ncode.syosetu.com/N8127HY
異世界医院〜一期一会〜	モロ平野	推理(文芸)	https://ncode.syosetu.com/N3821DX
悪役令嬢は殺害されました。生き返ってくれと言われてももう遅い！	コーチャー	推理(文芸)	https://ncode.syosetu.com/N6426GU
誰がマリー・ロビンを殺したか	九重ツクモ	推理(文芸)	https://ncode.syosetu.com/N3039HT
剥製屋事件簿その二十（人殺しは見れば分かる）	仙堂ルリコ	推理(文芸)	https://ncode.syosetu.com/N7059HS
後宮なりきり夫婦録	石田空	推理(文芸)	https://ncode.syosetu.com/N8421HV
剥製屋事件簿その壱＜人殺しはみればわかる＞	仙堂ルリコ	推理(文芸)	https://ncode.syosetu.com/N1419CU
驚愕のイリュージョン：「人体切断」の謎！！！	立花　優	推理(文芸)	https://ncode.syosetu.com/N5305IB
「保健室におっさんは似合わない」第一話　ベッドで寝ると死んじゃう病気	高取和生	推理(文芸)	https://ncode.syosetu.com/N8237GX
聖女様を殺したのは誰ですか？	コーチャー	推理(文芸)	https://ncode.syosetu.com/N5067HA
ＴＳ女子になるって、正直結構疲れるもんですよね。	星加のん	推理(文芸)	https://ncode.syosetu.com/N4432DK
その事件の１人目の被害者は、悪役令嬢である　～サスペンスな世界に転生したら、婚約者か弟か殺人鬼に殺されそうです～	宮崎	推理(文芸)	https://ncode.syosetu.com/N8077FT
桜子さんと書生探偵	里見りんか	推理(文芸)	https://ncode.syosetu.com/N4706HZ
獅子の系譜	谷下　希	推理(文芸)	https://ncode.syosetu.com/N7577BW
【第一部完結】転生魔王の事件簿～元魔王の記憶を持って魔法も使い放題の私が旅をしながら事件に巻き込まれる話～	明山昇	推理(文芸)	https://ncode.syosetu.com/N0799HU
剥製屋事件簿その八＜人殺しは見ればわかる＞	仙堂 ルリコ	推理(文芸)	https://ncode.syosetu.com/N0696DR
剥製屋事件簿その十二＜人殺しは見ればわかる＞	仙堂ルリコ	推理(文芸)	https://ncode.syosetu.com/N7540FS
失踪した悪役令嬢の奇妙な置き土産	柚木崎　史乃	推理(文芸)	https://ncode.syosetu.com/N5386HK
傍若無人な皇太子は、その言動で周りを振り回してきた	歩芽川ゆい	ホラー(文芸)	https://ncode.syosetu.com/N3949IB
返すよ...	じいちゃんっ子	ホラー(文芸)	https://ncode.syosetu.com/N8886IA
トップページのところに「なろうの使用時間」が表示されるようになった	雨城蝶尾	ホラー(文芸)	https://ncode.syosetu.com/N9149IA
激安すぎるステーキを提供する近所のステーキハウスの謎	エタメタノール	ホラー(文芸)	https://ncode.syosetu.com/N2175IB
姉を死に追いやったのは何でも「ちょーだい！」という妹だった	黒星★チーコ	ホラー(文芸)	https://ncode.syosetu.com/N7159IA
死刑囚、魔法学校にて教鞭を振るう	無道	ホラー(文芸)	https://ncode.syosetu.com/N8991DZ
ゆるコワ！　～無敵の女子高生二人がただひたすら心霊スポットに凸しまくる！～	谷尾銀	ホラー(文芸)	https://ncode.syosetu.com/N2367FS
ΦOLKLORE（フォークロア）：オカルトマニアのぼくっ娘と陰キャオタクな先輩のラブコメホラー	大萩おはぎ	ホラー(文芸)	https://ncode.syosetu.com/N6891HY
メッセージが一件届いています	しいな　ここみ	ホラー(文芸)	https://ncode.syosetu.com/N5020IB
召喚聖女の落とし穴	江葉	ホラー(文芸)	https://ncode.syosetu.com/N0332HU
激安スーパーの訳ありバイトは、時給がいいし現物支給の特別手当までくれるのに長くは続けられない	鞠目	ホラー(文芸)	https://ncode.syosetu.com/N8413IA
怪異の掃除人	長埜 恵	ホラー(文芸)	https://ncode.syosetu.com/N2626FI
大ファンです！　死ぬまで推します！	たなか	ホラー(文芸)	https://ncode.syosetu.com/N8371IB
「真の聖女様、ですか？　ええ、もちろん歓迎いたしますよ」	わんこそば	ホラー(文芸)	https://ncode.syosetu.com/N6050HA
ゆき　という　おんな	黒星★チーコ	ホラー(文芸)	https://ncode.syosetu.com/N9697IA
左目の少女	行き止まり	ホラー(文芸)	https://ncode.syosetu.com/N3631IB
婚約破棄の行方	彩戸ゆめ	ホラー(文芸)	https://ncode.syosetu.com/N6714CW
乗っ取られたら乗っ取り返せばいいのですよ、王妃さま。	牧村 多希	ホラー(文芸)	https://ncode.syosetu.com/N8820HB
離婚した元夫の手紙	井村吉定	ホラー(文芸)	https://ncode.syosetu.com/N4758HY
「仰向けにしてもらえませんか？」通学路で話しかけてきたのは死後硬直後のおっさんでした	鞠目	ホラー(文芸)	https://ncode.syosetu.com/N7238IB
続々・怪異の掃除人	長埜 恵	ホラー(文芸)	https://ncode.syosetu.com/N2834HD
ぺとぺとさんではなくサクサクさんに会った	くろたえ	ホラー(文芸)	https://ncode.syosetu.com/N1034IB
山小屋の秘密	じいちゃんっ子	ホラー(文芸)	https://ncode.syosetu.com/N3871IA
オカルトちゃんねる【連載版】	lpp	ホラー(文芸)	https://ncode.syosetu.com/N8125FG
ただひたすら走って逃げ回るお話	残念無念	ホラー(文芸)	https://ncode.syosetu.com/N4071BJ
21:58〜見覚えのない写真〜	九重ツクモ	ホラー(文芸)	https://ncode.syosetu.com/N0073IB
吹雪の黄昏　誰そ彼	くろたえ	ホラー(文芸)	https://ncode.syosetu.com/N9746IA
友達からの年賀状をなくした	kayako	ホラー(文芸)	https://ncode.syosetu.com/N8879IA
プライスレスなふりした自販機のおふだに、 助けられた話！	みこと。	ホラー(文芸)	https://ncode.syosetu.com/N8867HZ
寒い冬の日の幽霊	出雲大吉	ホラー(文芸)	https://ncode.syosetu.com/N7505GU
冥府の王は嗤った	桃地優歌	ホラー(文芸)	https://ncode.syosetu.com/N2650HS
ザラリとした虫の死骸	秋の桜子	ホラー(文芸)	https://ncode.syosetu.com/N4592IB
いつもすれ違う人	武　頼庵（藤谷　K介）	ホラー(文芸)	https://ncode.syosetu.com/N4968IB
絶対王政	桃地優歌	ホラー(文芸)	https://ncode.syosetu.com/N9222HO
神様の花嫁は短命です～あの時死ぬはずだった君に捨てられた僕、捨てた後に後悔するのはやめてくれ～	忍者	ホラー(文芸)	https://ncode.syosetu.com/N6100HZ
娘が「悪役令嬢」に憑り殺された日。あるいは、あの子が死んだ日の話	紫苑	ホラー(文芸)	https://ncode.syosetu.com/N4456HC
入院中の父から電話がかかってきたが、電波が悪いせいで何を言っているのかわからない	鞠目	ホラー(文芸)	https://ncode.syosetu.com/N5721IA
あなたに会いに行きます	一布	ホラー(文芸)	https://ncode.syosetu.com/N6795IA
悩める王子と呪いの言葉	長月 おと	ホラー(文芸)	https://ncode.syosetu.com/N1083EY
山内くんの呪禁の夏。	二宮酒匂	ホラー(文芸)	https://ncode.syosetu.com/N5809CE
結んで開いて羅刹と骸	ゐ丁稚五十壱号	ホラー(文芸)	https://ncode.syosetu.com/N1379IB
運命的な再会	雉白書屋	ホラー(文芸)	https://ncode.syosetu.com/N0026IB
最終死発電車	真霜ナオ	ホラー(文芸)	https://ncode.syosetu.com/N7581IA
六人目の王妃	悠井すみれ	ホラー(文芸)	https://ncode.syosetu.com/N3893DF
素晴らしき家族計画	雉白書屋	ホラー(文芸)	https://ncode.syosetu.com/N8018IA
蟲にまつわる怪談が少ない理由	鞠目	ホラー(文芸)	https://ncode.syosetu.com/N2811HZ
見たら絶対に死ぬ”呪いのビデオ”を手に入れたのに、幻のマイナー規格”HD-DVD”に録画されてるせいで再生できません（泣）	大萩おはぎ	ホラー(文芸)	https://ncode.syosetu.com/N3319HM
出口の見えないトンネル	武　頼庵（藤谷　K介）	ホラー(文芸)	https://ncode.syosetu.com/N6107IB
続・怪異の掃除人	長埜 恵	ホラー(文芸)	https://ncode.syosetu.com/N0497FN
節分の夜の厄払い	秋の桜子	ホラー(文芸)	https://ncode.syosetu.com/N3995IB
イマドキのサバサバ冒険者	埴輪庭	アクション(文芸)	https://ncode.syosetu.com/N7991HV
Memento Mori～希死念慮冒険者の死に場所探し～	埴輪庭	アクション(文芸)	https://ncode.syosetu.com/N4618HV
食べられて天使になった俺、終わりゆく現代世界に光あれと呟く	飴玉鉛	アクション(文芸)	https://ncode.syosetu.com/N8843HX
リビルドワールド	非公開	アクション(文芸)	https://ncode.syosetu.com/N9736DT
転生してショタ王子になった剣聖は、かつての弟子には絶対にバレたくないっ	ぽんこつ少尉	アクション(文芸)	https://ncode.syosetu.com/N9476HW
修羅幼女の英雄譚	嵯峨崎	アクション(文芸)	https://ncode.syosetu.com/N0512DM
【書籍第2巻10/5発売！】わしジジイ、齢六十を超えてから自らの天賦の才に気付く【コミカライズ】	しんこせい(『お助けキャラ』1巻2/24発売！)	アクション(文芸)	https://ncode.syosetu.com/N2787FC
12ハロンのチクショー道【書籍化】	野井ぷら	アクション(文芸)	https://ncode.syosetu.com/N1730EU
チートスキル『死者蘇生』が覚醒して、いにしえの魔王軍を復活させてしまいました〜誰も死なせない最強ヒーラー〜	はにゅう@『木の実マスター』発売中！	アクション(文芸)	https://ncode.syosetu.com/N1281FR
ルンバ転生〜気付いたら滅亡した超未来世界で、自己進化するロボット掃除機になってました〜	ルンバ	アクション(文芸)	https://ncode.syosetu.com/N7402HW
アルケミスト・スタートオーバー ～誰にも愛されず孤独に死んだ天才錬金術師は幼女に転生して人生をやりなおす～	エルトリア	アクション(文芸)	https://ncode.syosetu.com/N6178HH
ＺＡＺＡ記	埴輪庭	アクション(文芸)	https://ncode.syosetu.com/N8540HW
骸鬼王と、幸福の花嫁たち【第9部、二日置き更新！】	雨宮ソウスケ	アクション(文芸)	https://ncode.syosetu.com/N2299FP
異世界ＳＦ！　ＦＰＳ！　『カラフ撤退戦』	黒色粉末	アクション(文芸)	https://ncode.syosetu.com/N0432FZ
吸血鬼の花嫁〜生き血を吸うことでしか生きられない美少女吸血鬼が化け物退治するために軍に召集されたけど、吸血が苦手で困っています	嵩乃朔	アクション(文芸)	https://ncode.syosetu.com/N6207IB
マヌケなFPSプレイヤーが異世界へ落ちた場合	地雷原	アクション(文芸)	https://ncode.syosetu.com/N4076CM
【アスカンテレスの戦乙女（ヴァルキュリア）】 ～婚約破棄された金髪碧眼の侯爵令嬢リーファは、 戦乙女（ヴァルキュリア）となって、自由に生きる～	如月文人	アクション(文芸)	https://ncode.syosetu.com/N0296IB
ある日、超能力に目覚めた件	上松	アクション(文芸)	https://ncode.syosetu.com/N7640HU
ダンジョン仕草	埴輪庭	アクション(文芸)	https://ncode.syosetu.com/N5923HW
ハーフ・ヴァンパイア創国記	高城@SSK	アクション(文芸)	https://ncode.syosetu.com/N9025DB
極氷姫の猟犬	骸崎 ミウ	アクション(文芸)	https://ncode.syosetu.com/N5226HP
【三章突入！応援感謝！】追放したら評判が下がるからという理由で迷宮の最下層へと突き飛ばされるが、そこでたまたま見つけたアイテムでクラスチェンジ！一気にパワーアップして全てを掴む。あ、非道な元仲間は全〜	赤羽ロビン	アクション(文芸)	https://ncode.syosetu.com/N6553HN
ご先祖バトル	たなか	アクション(文芸)	https://ncode.syosetu.com/N8763IB
国立大学法人東京魔術大学　─血継魔術科─	おめがじょん	アクション(文芸)	https://ncode.syosetu.com/N7438GZ
【書籍化】外れスキル『目覚まし』、実は封印解除の能力でした。落ちこぼれの少年は、眠りからさめた女神達と優しい最強を目指す。【コミカライズ連載中】	mafork（真安 一）『目覚まし』書籍化＆コミカライズ！	アクション(文芸)	https://ncode.syosetu.com/N1992HD
エルフに転生した元剣聖、レベル１から剣を極める -Hero Swordplay Breakdown-	大虎龍真	アクション(文芸)	https://ncode.syosetu.com/N6681FA
証明の剣	超法規的かえる	アクション(文芸)	https://ncode.syosetu.com/N7754HQ
漢学園に桃色転入生の風が吹く！	しいな　ここみ	アクション(文芸)	https://ncode.syosetu.com/N4631IB
殺戮の後で	やまだのぼる	アクション(文芸)	https://ncode.syosetu.com/N5034IB
 英雄《しゅやく》になれない槍使い	笹木さくま（夏希のたね）	アクション(文芸)	https://ncode.syosetu.com/N9682DD
軍の兵器だった最強の魔法機械少女、現在はSクラス探索者ですが迷宮内でひっそりカフェやってます	新藤悟	アクション(文芸)	https://ncode.syosetu.com/N4161HU
【本編完結】　少女クロスボウ小隊　～任されたのは“魔を狩る者”と恐れられた男だった～ 	犬尾剣聖	アクション(文芸)	https://ncode.syosetu.com/N9221HK
異世界支配のスキルテイカー　～　ゼロから始める奴隷ハーレム　～	柑橘ゆすら	アクション(文芸)	https://ncode.syosetu.com/N0822CL
俺、人型兵器転生。なぜかゴブリンとかエルフがいる未来の崩壊世界を近代兵器で無双する。	ねくろん	アクション(文芸)	https://ncode.syosetu.com/N1692HX
俺の家が魔力スポットだった件～住んでいるだけで世界最強～	あまうい白一 	アクション(文芸)	https://ncode.syosetu.com/N5915DA
コボルト無双 ❧ |樹|º▿º*) ̖́- 最底辺のかませ犬が征く!	shiba	アクション(文芸)	https://ncode.syosetu.com/N1900ER
スライムむすめの転生日記～自称序盤のレベル上げ要員は実質無限再生と吸収能力、打撃も斬撃も効かない身体etcでビビリながら無双する～	東山統星	アクション(文芸)	https://ncode.syosetu.com/N8578HY
勇者代理なんだけどもう仲間なんていらない	ジガー	アクション(文芸)	https://ncode.syosetu.com/N9238EH
売雨戦線	留龍隆	アクション(文芸)	https://ncode.syosetu.com/N8887HU
マイナーズ：弱小探索者と下位互換召喚獣の楽しいダンジョン冒険譚	ooi	アクション(文芸)	https://ncode.syosetu.com/N3171GX
機導大戰ライデンシャフト～異世界で巨大ロボットに乗ることになりました～（転生したら最弱少年で絶望したけど、パイロットとしては最強でした）	nicobear	アクション(文芸)	https://ncode.syosetu.com/N4742IA
【収納空間】を極める男　～モンスターを狩りたいので誰よりも【収納空間】を使い込んでいたら、色々な事件に巻き込まれてしまう。『俺はモンスターを狩りたいだけなのにぃ！』～	森たん	アクション(文芸)	https://ncode.syosetu.com/N6543GG
【最終章開幕】傷跡の聖者	イエニー・コモリフスキ	アクション(文芸)	https://ncode.syosetu.com/N2027FE
ニーベルンゲンの災い&lt;え、ここ乙女ゲー世界ッ！?&gt;	セミラミス	アクション(文芸)	https://ncode.syosetu.com/N5137HO
陰キャに魔法少女は厳しいです！	黒葉　傘	アクション(文芸)	https://ncode.syosetu.com/N0487HV
オゾン、焦熱、愚行、葬送	不覚たん	アクション(文芸)	https://ncode.syosetu.com/N5100HV
たとえ夜を明かすのに幾億の剣戟が必要だとしても【Web版】（書籍版タイトル:幾億もの剣戟が黎明を告げる）	御鷹穂積	アクション(文芸)	https://ncode.syosetu.com/N7064EK
木徳直人はミズチを殺す（完結作）	アンデッド	アクション(文芸)	https://ncode.syosetu.com/N9475EU
白銀のヒーローソウル【WEB版】	鴨山 兄助	アクション(文芸)	https://ncode.syosetu.com/N4317FP
【完結】国賊王女のサーバントに転生したら、特殊スキル「武器庫（アーモリー）」が覚醒しました！	石和￥	アクション(文芸)	https://ncode.syosetu.com/N3489FV
「褒美に姫（問題あり）をやろう」と言われた邪竜殺しの英雄が第３王女を娶る話	紀伊章(kii)　名前変更しました	コメディー(文芸)	https://ncode.syosetu.com/N5496IB
男爵令嬢の末路は、	獅子柚子	コメディー(文芸)	https://ncode.syosetu.com/N1734IB
うわっ、勇者だ	余暇	コメディー(文芸)	https://ncode.syosetu.com/N3203IB
【書籍化】廃公園のホームレス聖女	荒瀬ヤヒロ	コメディー(文芸)	https://ncode.syosetu.com/N1130HN
悪役令嬢、貧乏すぎる没落貴族に嫁いでしまい「固いパン」「古いミルク」「雑草」「砂糖水」などの食生活になるもその生活に慣れてしまう	エタメタノール	コメディー(文芸)	https://ncode.syosetu.com/N4185IA
婚約破棄されたぬりかべの令嬢、不眠症の公爵令息に「君はひんやりしてて寝心地がいいね」と惚れられる	エタメタノール	コメディー(文芸)	https://ncode.syosetu.com/N3011IB
裏切られた勇者パーテイー。その果てに……！	Ｊ坊	コメディー(文芸)	https://ncode.syosetu.com/N7208IB
勇者に追い詰められた魔王が変身前に「これから第二形態になるんだけど、どんなのがいいと思う？」と聞いてきた	エタメタノール	コメディー(文芸)	https://ncode.syosetu.com/N4621IB
おまえ追放されたんだろ？俺たちとパーティ組まないか？	すらぇむ	コメディー(文芸)	https://ncode.syosetu.com/N2695EX
離婚することにした令嬢、夫に「養育費はたっぷり支払ってね」と要求し、一人娘はため息をつく	エタメタノール	コメディー(文芸)	https://ncode.syosetu.com/N8664IB
勇者様はどんな強敵も「大丈夫、心臓を一突きにすれば倒せる」で倒してくれます	エタメタノール	コメディー(文芸)	https://ncode.syosetu.com/N7102IA
それ、無理なんです	TAKA	コメディー(文芸)	https://ncode.syosetu.com/N2990IB
義妹に虐げられる不憫姉の中身が悪女に乗っ取られた話	りったん	コメディー(文芸)	https://ncode.syosetu.com/N3557GQ
勇者が魔王を倒したが最期のセリフが長すぎるので「最後まで言わせるために延命させてやろう」ということになった	エタメタノール	コメディー(文芸)	https://ncode.syosetu.com/N9024IB
【書籍化】後宮という名の魔境をデスループで切り抜けてきたら、皇帝にブチ切れられました	かざなみ	コメディー(文芸)	https://ncode.syosetu.com/N5080HF
息子の家族と同居することになったジジイですが、嫁が「お義父さん、お餅をどうぞ」と邪悪な笑顔で勧めてきます	エタメタノール	コメディー(文芸)	https://ncode.syosetu.com/N3467IA
即死チートが最強すぎて、異世界のやつらがまるで相手にならないんですが。【TVアニメ化決定！】	藤孝剛志	コメディー(文芸)	https://ncode.syosetu.com/N5691DD
リリアンローゼ〜乙女系ラノベの世界に転生した私はモブ令嬢〜	京	コメディー(文芸)	https://ncode.syosetu.com/N7190IB
些細なことは気にせずに	瀬嵐しるん	コメディー(文芸)	https://ncode.syosetu.com/N2631IA
猫語が分かる俺が猫カフェに行った話	離村(恋狸)	コメディー(文芸)	https://ncode.syosetu.com/N2336IA
ジャンル『異世界恋愛』にするつもりが、『ハイファンタジー』で投稿しちゃった！　～このまま捨てられ令嬢が、私TUEEE！する話に方向転換する～	村沢黒音	コメディー(文芸)	https://ncode.syosetu.com/N6238IB
公爵令嬢レツカ・イーオは婚約破棄されても一向にかまわんッッ！！ですの	瘴気領域	コメディー(文芸)	https://ncode.syosetu.com/N6536IB
出てくる幽霊がみんないいやつな怪談	やまだのぼる	コメディー(文芸)	https://ncode.syosetu.com/N3296IB
【奇跡のコミカライズ！】婚約者は私を捨てて妹を選びましたが、妹は時限爆弾でした【作者の日常も吹っ飛びました！】	関宮亜門	コメディー(文芸)	https://ncode.syosetu.com/N6054GW
王太子に婚約破棄されていたら「ずるいずるい」という妹が乱入してきました。	荒瀬ヤヒロ	コメディー(文芸)	https://ncode.syosetu.com/N2706HS
「第二王子が婚約破棄したってよ！」	八月 あやの	コメディー(文芸)	https://ncode.syosetu.com/N7668GF
うちのお隣、日本国憲法は通用しません。御成敗式目です	ほうこうおんち	コメディー(文芸)	https://ncode.syosetu.com/N9113HW
ダンジョン×学園×クズ　～特殊能力が見つかったけど国民の義務から逃げてみた～	溝上 良	コメディー(文芸)	https://ncode.syosetu.com/N4297HY
クラスメイトの委員長がちょっとえっちなささやき系Vtuberかと思ったらリアルサキュバスでぽんこつ	稲荷竜	コメディー(文芸)	https://ncode.syosetu.com/N2356IB
「私って男っぽくてサバなのよね」誰なんだよ俺との見合いにサバを呼んだやつは	quiet	コメディー(文芸)	https://ncode.syosetu.com/N6099HQ
不吉で不気味な老婆の憂鬱	たなか	コメディー(文芸)	https://ncode.syosetu.com/N1371IB
妹の配信に入り込んだらVTuber扱いされた件	江波界司	コメディー(文芸)	https://ncode.syosetu.com/N0484HH
「一緒にやらん？」と友だちが笑顔で持ってきたのは流行りのゲームのニセモンでした。	鞠目	コメディー(文芸)	https://ncode.syosetu.com/N1468IB
百万回転生した俺は、平和な世界でも油断しない	稲荷竜	コメディー(文芸)	https://ncode.syosetu.com/N0025FI
【ついにコミカライズ開始☆】勇者パーティを追放されてしまったおっさん冒険者37歳……実はパーティメンバーにヤバいほど慕われていた	秋月静流	コメディー(文芸)	https://ncode.syosetu.com/N7871GO
一般人の俺が妹の友達(大人気Vtuber)とコラボする話	離村(恋狸)	コメディー(文芸)	https://ncode.syosetu.com/N8049IA
料理対決で最高級ステーキに「心を込めて作ったカップラーメン」で勝負を挑むさすらいの料理人	エタメタノール	コメディー(文芸)	https://ncode.syosetu.com/N6084IB
ＢＬゲームの主人公の弟であることに気がつきました（連載版）	花果 唯	コメディー(文芸)	https://ncode.syosetu.com/N9563CO
婚約破棄されたけどモブ王子の顔がどタイプすぎてしんどい	黒星★チーコ	コメディー(文芸)	https://ncode.syosetu.com/N3131HX
「このまま、時が止まってしまえばいいのに……」と思った結果	燦々SUN	コメディー(文芸)	https://ncode.syosetu.com/N6293HZ
騎士団部隊長様が、酔った勢いで片想いの子に酷いことをしちゃった件について	瀬尾優梨	コメディー(文芸)	https://ncode.syosetu.com/N0410EK
彼女のコスプレが重すぎてＨどころじゃない	しいたけ	コメディー(文芸)	https://ncode.syosetu.com/N9192IB
「いいか、ハーレムっていうのはな！」	八月 あやの	コメディー(文芸)	https://ncode.syosetu.com/N0978GG
ヤード・ポンドと申しますが冒険者パーティから追放されそうです。助けてください。	ななみや	コメディー(文芸)	https://ncode.syosetu.com/N2061HH
【完結】離婚しましょう公爵閣下｜白い結婚から始まる溺愛生活。貧乏令嬢リコリス、３年契約の結婚を満喫します！	越智屋ノマ 	コメディー(文芸)	https://ncode.syosetu.com/N7531HY
勇者、辞退します。	獅子柚子	コメディー(文芸)	https://ncode.syosetu.com/N8977HB
見習いシスター、フランチェスカは今日も自らのために祈る	通りすがりの冒険者	コメディー(文芸)	https://ncode.syosetu.com/N9098FW
前世がコミュ障男な僕がVtuberになれますか？	カムカム	コメディー(文芸)	https://ncode.syosetu.com/N5269HK
炎城寺紅子の炎上　～おまえネットで私のことバカにしてただろ～	秋野レン	コメディー(文芸)	https://ncode.syosetu.com/N7934GS
体育会系悪役令嬢が役に立たない	荒瀬ヤヒロ	コメディー(文芸)	https://ncode.syosetu.com/N5525HS
ガイド役の天使を殴り倒したら、死霊術師になりました　～皆とは別ゲーをしている気がしますが、私は元気です～	エリーゼ	VRゲーム(SF)	https://ncode.syosetu.com/N9616HW
【VRMMO】イースターエッグ・オンライン【RPG】	浦田　緋色 （ウラタ　ヒイロ）	VRゲーム(SF)	https://ncode.syosetu.com/N5253IB
愉快な社畜たちとゆくVRMMO	なつのぎ	VRゲーム(SF)	https://ncode.syosetu.com/N3581HY
リアルチートと天才ゲームプレイヤーが行くVRMMO配信録	奏多	VRゲーム(SF)	https://ncode.syosetu.com/N4173HZ
黄金の経験値【なろう版】	原純	VRゲーム(SF)	https://ncode.syosetu.com/N0806FU
リメイク：プラネットクロニクル　～極地に至った男の物語～	月光皇帝	VRゲーム(SF)	https://ncode.syosetu.com/N0331IB
フルダイブFPSゲームのトップランカーがフルダイブRPGをすると射撃ゲー	十月九日	VRゲーム(SF)	https://ncode.syosetu.com/N2277IA
【書籍化決定】吸血鬼作家、VRMMORPGをプレイする。～日光浴と料理を満喫していたら、いつの間にか有名配信者になっていたけど、配信なんてした覚えがありません～	暁月　紅蓮	VRゲーム(SF)	https://ncode.syosetu.com/N2539HW
痛いのは嫌なので防御力に極振りしたいと思います。	夕蜜柑	VRゲーム(SF)	https://ncode.syosetu.com/N0358DH
妖狐ののんびりVRMMO配信－－冒険に疲れた皆々様、どうぞいらっしゃい－－	北上	VRゲーム(SF)	https://ncode.syosetu.com/N4416IA
シャングリラ・フロンティア〜クソゲーハンター、神ゲーに挑まんとす〜	硬梨菜	VRゲーム(SF)	https://ncode.syosetu.com/N6169DZ
出遅れテイマーのその日ぐらし	棚架ユウ	VRゲーム(SF)	https://ncode.syosetu.com/N8206DH
ＲＤＷ＋ＲＴＡ　～リアルダンジョンズワールド　プラス　リアルタイムアタック～	相生蒼尉	VRゲーム(SF)	https://ncode.syosetu.com/N6537IA
新しいゲーム始めました。～使命もないのに最強です？～	じゃがバター	VRゲーム(SF)	https://ncode.syosetu.com/N4218CW
マグナリベルタス	TKG	VRゲーム(SF)	https://ncode.syosetu.com/N3883HQ
Struggle　Locus　On-line	武陵桃源	VRゲーム(SF)	https://ncode.syosetu.com/N1762CQ
VRMMOで勝手気ままな魔猫になりました。	きれいな紙片	VRゲーム(SF)	https://ncode.syosetu.com/N0253HZ
Triumph Bullet【トライアンフ バレット−栄光の弾丸−】　〜プロゲーマーとVTuberの運命の出会い～	葉月　幸村	VRゲーム(SF)	https://ncode.syosetu.com/N0805HW
純白のガンブレイダー 〜乙女に愛されしＴＳアルビノ美少女、産廃職でエンジョイプレイします〜	神無フム／アスオン２巻発売中	VRゲーム(SF)	https://ncode.syosetu.com/N7679HZ
Mebius World Online　〜ゲーム初心者の真里姉と行くVRMMOのんびり？　体験記〜【コミカライズ３巻２０２３年１月７日発売！】【小説１〜３巻発売中】	風雲　空	VRゲーム(SF)	https://ncode.syosetu.com/N5539FZ
信仰ピエロは今日も楽しむ	晩冬の小石	VRゲーム(SF)	https://ncode.syosetu.com/N5948HZ
Skill Build Online ～変態スナイパーによるMMORPG挑戦記～	立華凪	VRゲーム(SF)	https://ncode.syosetu.com/N8964FH
錬金術…え？錬禁術？聞いてないんですけど！？	みズみ	VRゲーム(SF)	https://ncode.syosetu.com/N9906HZ
Magica Technica　～剣鬼羅刹のVRMMO戦刀録～	Ａｌｌｅｎ	VRゲーム(SF)	https://ncode.syosetu.com/N4559FF
職業、仕立屋。淡々と、VRMMO実況。	わだくちろ	VRゲーム(SF)	https://ncode.syosetu.com/N8601GG
Frontier World ―召喚士として活動中―	ながワサビ64	VRゲーム(SF)	https://ncode.syosetu.com/N5834CR
骸骨魔術師のプレイ日記	毛熊	VRゲーム(SF)	https://ncode.syosetu.com/N8061ES
プラネットクロニクル　ーゲームを極めた男が魅せる世界ー	月光皇帝	VRゲーム(SF)	https://ncode.syosetu.com/N2540FL
もふもふと楽しむ無人島のんびり開拓ライフ ～VRMMOでぼっちを満喫するはずが、全プレイヤーに注目されているみたいです～（旧題：Iris Revolution Online）	紀美野ねこ	VRゲーム(SF)	https://ncode.syosetu.com/N3007HF
僕は正義の爆弾魔	珍比良	VRゲーム(SF)	https://ncode.syosetu.com/N9161HP
えむえむおー！　僕なりの楽しみ方	鴨鹿	VRゲーム(SF)	https://ncode.syosetu.com/N8233GD
未実装のラスボス達が仲間になりました。	ながワサビ64	VRゲーム(SF)	https://ncode.syosetu.com/N4192GB
打撃系鬼っ娘が征く配信道！	箱入蛇猫	VRゲーム(SF)	https://ncode.syosetu.com/N9517FC
モノ作りに没頭していたら、いつの間にかトッププレイヤーになっていた件	こばやん２号	VRゲーム(SF)	https://ncode.syosetu.com/N2703HY
Free Life Fantasy Online ～人外姫様、始めました～	子日あきすず	VRゲーム(SF)	https://ncode.syosetu.com/N8517EN
メイドな悪魔のロールプレイ	ガブ	VRゲーム(SF)	https://ncode.syosetu.com/N4537GY
妹に戦闘ゲーム勧められて始めたけど、戦いたくなかったので商人として活動を始めました。	結城　蓮	VRゲーム(SF)	https://ncode.syosetu.com/N5097HB
『Scarlet Coal』-殴り魔は自らの欲を満たす	栗木下	VRゲーム(SF)	https://ncode.syosetu.com/N0046HL
【2023/01/10発売】『ライフで受けてライフで殴る』これぞ私の必勝法	こまるん	VRゲーム(SF)	https://ncode.syosetu.com/N0998GH
Chaos Odyssey Online 〜VRMMOで魔王と呼ばれています〜	暁月ライト	VRゲーム(SF)	https://ncode.syosetu.com/N6791GW
【堂々完結】ブレイドスキル・オンライン　～ゴミ職業『サモナー』で最弱武器『弓使い』でクソステータス『幸運値極振り』の俺、いつのまにか『ラスボス』に成り上がります！～	馬路まんじ＠PV公開（主人公：赤羽根健治 ヒロイン：逢田梨香子）	VRゲーム(SF)	https://ncode.syosetu.com/N3398FZ
＜Infinite Dendrogram＞-インフィニット・デンドログラム-	海道　左近	VRゲーム(SF)	https://ncode.syosetu.com/N5455CX
Become Monster Online～ゲームで強くなるために異世界で進化素材を集めることにした～	 亜掛千夜	VRゲーム(SF)	https://ncode.syosetu.com/N7369HD
テイマー姉妹のもふもふ配信　～もふもふをもふもふする最愛の妹がとってもかわいいので配信で自慢してみます～	龍翠	VRゲーム(SF)	https://ncode.syosetu.com/N9023GK
聖女が前衛やって何が悪い！	ちゃちゃくら	VRゲーム(SF)	https://ncode.syosetu.com/N5760HY
New Eternity Online -PSだけで往く新世界-	天音凛	VRゲーム(SF)	https://ncode.syosetu.com/N8057HX
読書好きが始めるVRMMO（仮）	天　トオル	VRゲーム(SF)	https://ncode.syosetu.com/N2094FI
『Curse Nightmare Party』-邪眼妖精が征くVRMMO	栗木下	VRゲーム(SF)	https://ncode.syosetu.com/N3014FI
Another World Online〜俺はPKで金を奪って生き残る〜	ε-(`・ω・´)フンッ	VRゲーム(SF)	https://ncode.syosetu.com/N8549HX
サモナーさんが行く	ロッド	VRゲーム(SF)	https://ncode.syosetu.com/N4908BV
俺は星間国家の悪徳領主！	三嶋　与夢	宇宙(SF)	https://ncode.syosetu.com/N1976EY
スペースオーク　天翔ける培養豚	日野久留馬	宇宙(SF)	https://ncode.syosetu.com/N2949IA
【連載版】キモオタモブ傭兵は、身の程を弁(わきま)える	土竜	宇宙(SF)	https://ncode.syosetu.com/N9568GR
目覚めたら最強装備と宇宙船持ちだったので、一戸建て目指して傭兵として自由に生きたい	リュート	宇宙(SF)	https://ncode.syosetu.com/N3581FH
私掠宇宙船から始める特務軍歴	中文字	宇宙(SF)	https://ncode.syosetu.com/N7616HP
【なんか】裏山で年代物の宇宙船めっけた件【マスターにされた】	浦田　緋色 （ウラタ　ヒイロ）	宇宙(SF)	https://ncode.syosetu.com/N0298IA
死んでやる～彼女を寝取られ、死ぬに死にきれないヘタレが巻き起こす宇宙活劇～	のらしろ	宇宙(SF)	https://ncode.syosetu.com/N9572GJ
あたしの悪徳領主様!!　～俺は星間国家の悪徳領主！　外伝～	三嶋　与夢	宇宙(SF)	https://ncode.syosetu.com/N0833HI
カタツムリの貨客船業務日誌	土竜	宇宙(SF)	https://ncode.syosetu.com/N1837FL
パイロットが死んでしまった巨大兵器の電子頭脳に転生してしまいました	お化け屋敷	宇宙(SF)	https://ncode.syosetu.com/N0130HX
【４巻発売】乙女ゲームのハードモードで生きています	赤野用介	宇宙(SF)	https://ncode.syosetu.com/N6685EP
魔王と勇者が時代遅れになりました	結城忍	宇宙(SF)	https://ncode.syosetu.com/N8433BT
III count  Dead END	吹雪	宇宙(SF)	https://ncode.syosetu.com/N3957FQ
銀河ネットで仮想空間に潜ったら宇宙船の艦長に成りました。	戸川　八雲	宇宙(SF)	https://ncode.syosetu.com/N1517HP
宙域艦隊士が遭難し不時着した星は魔法がある惑星でした	でんでんむし	宇宙(SF)	https://ncode.syosetu.com/N7370HP
ネメシス戦域の強襲巨兵【新刊7巻発売】	夜切　怜	宇宙(SF)	https://ncode.syosetu.com/N2069FL
葦原星系から空を越えて　―星間航行士ルイの文明再生記―	葦原ナナシ	宇宙(SF)	https://ncode.syosetu.com/N5231HI
完結&amp;番外編更新中　宇宙戦争掲示板ー1人なんかおかしいのがいるけどー	福郎	宇宙(SF)	https://ncode.syosetu.com/N4516GQ
僕と彼女と実弾兵器（アンティーク）	Gibson	宇宙(SF)	https://ncode.syosetu.com/N9463BR
銀河モフモフ伝説　――エース戦車兵の二回目の人生はぬいぐるみだった！？　あの巨大宇宙戦艦を撃破せよ！！――	黒鯛の刺身♪	宇宙(SF)	https://ncode.syosetu.com/N6544IB
ようこそ大宇宙へ！　超古代の巨大宇宙船で宇宙を征く	稲葉小僧	宇宙(SF)	https://ncode.syosetu.com/N5672CT
アルテミスの祈り　～ ギャラクシードール戦役 ～	磨糠 羽丹王	宇宙(SF)	https://ncode.syosetu.com/N6970HK
アルビオン王国宙軍士官物語～クリフエッジと呼ばれた男～（クリフエッジシリーズ合本版）	愛山　雄町	宇宙(SF)	https://ncode.syosetu.com/N3900HA
宇宙の片隅でスローライフ	よぎそーと／ファンティアやってる	宇宙(SF)	https://ncode.syosetu.com/N0672HY
銀河コンビニぎゃらくしぃ	てらだ	宇宙(SF)	https://ncode.syosetu.com/N1735HX
A CRISIS （接触戦争）	松由実行	宇宙(SF)	https://ncode.syosetu.com/N2709FW
スイカの星の進化論	ＭＵＭＵ	宇宙(SF)	https://ncode.syosetu.com/N7952FR
若者のスペースオペラ離れを嘆く女神様に宇宙船をもらったんだが、引きこもるにはちょうどいい	小鳥遊彰吾	宇宙(SF)	https://ncode.syosetu.com/N8054EY
開かずの宇宙戦艦　～俺の「自室」が宇宙を飛んだ日～リブート！！	石田研	宇宙(SF)	https://ncode.syosetu.com/N8888GZ
なんかすごい性能の宇宙船を拾った	工具	宇宙(SF)	https://ncode.syosetu.com/N7937GX
地球の復活を目指そう　（旧タイトル：皆は何処に・・・）	元海の男	宇宙(SF)	https://ncode.syosetu.com/N2168HV
宇宙のスカイスフィア	山口遊子	宇宙(SF)	https://ncode.syosetu.com/N5730HV
夜空に瞬く星に向かって	松由実行	宇宙(SF)	https://ncode.syosetu.com/N5979DP
宇宙船をもらった男、もらったのは星だった！？	山口遊子	宇宙(SF)	https://ncode.syosetu.com/N6166FW
二つの銀河帝国～アルマージュ・ランドー氏の受難～	宮前葵	宇宙(SF)	https://ncode.syosetu.com/N2212HL
三匹が宇宙をゆく！ーおっさんの悠々自適なセカンドライフだったと思うのだが何か違う気がする。ー	士口 十介	宇宙(SF)	https://ncode.syosetu.com/N8261HG
ギガファウナ　―超巨大生物の惑星―	白石健司	宇宙(SF)	https://ncode.syosetu.com/N3366FV
34歳のオッサンによるフォルトリア星系戦記	八鶴ペンギン	宇宙(SF)	https://ncode.syosetu.com/N6330FS
ガチガチに装甲を固めた戦車が、機動兵器に引けを取るはずがない。 	シアン化ビニル	宇宙(SF)	https://ncode.syosetu.com/N4877HV
日雇い提督・Ⅱ　神将は独立勢力を創始する～集結せよ！銀河の梁山泊へ～　　　　　　　　	桜華　絢爛	宇宙(SF)	https://ncode.syosetu.com/N0367GC
ジャンク屋メグの紡ぎ歌	六人部彰彦	宇宙(SF)	https://ncode.syosetu.com/N1525HF
惑う星の解決法	守野伊音	宇宙(SF)	https://ncode.syosetu.com/N5370DG
テイクオーバー!～不思議で最強の宇宙船を受け継いだ青年はやがて伝説を塗り替える～	ムシャクシャマン	宇宙(SF)	https://ncode.syosetu.com/N6601HV
ラムフォリンクスの二週間	転々	宇宙(SF)	https://ncode.syosetu.com/N9916HZ
リバース・スラスターズ	マユ・クロフト	宇宙(SF)	https://ncode.syosetu.com/N5521CS
日雇い提督は仁愛を得て英雄へと至る	桜華　絢爛	宇宙(SF)	https://ncode.syosetu.com/N0352FL
星くず英雄伝	新木伸	宇宙(SF)	https://ncode.syosetu.com/N5976CR
【一章完結】 AI使いの冒険者、ドローンとハッキングで無双する　～手段を選ばず金儲けしていたら宇宙一の大富豪になっていました～	田島はる	宇宙(SF)	https://ncode.syosetu.com/N0330HP
航宙船のマスターだが食生活が最悪だったので出稼ぎします【超先進科学は役立たず？　最強のはずがエネルギー無】	zen+	宇宙(SF)	https://ncode.syosetu.com/N9552HW
地球連邦軍様、異世界へようこそ　〜破天荒皇女は殺そうとしてきた兄への復讐のため、来訪者である地球連邦軍と手を結び、さらに帝国を手に入れるべく暗躍する！　〜	ライラック豪砲	宇宙(SF)	https://ncode.syosetu.com/N1637FZ
人工魔王　～ハイテク使ってダラダラ生きていたら何故か魔王と呼ばれるようになったんだが（泣）～	村人T	空想科学(SF)	https://ncode.syosetu.com/N3656HZ
【デス】同じ一日を繰り返すことｎ回目、早く明日を迎えたい(´；ω；｀)【ループ】	浦田　緋色 （ウラタ　ヒイロ）	空想科学(SF)	https://ncode.syosetu.com/N3167HZ
剣客ウルフ	ポチ吉	空想科学(SF)	https://ncode.syosetu.com/N3606HQ
日本国召喚	みのろう	空想科学(SF)	https://ncode.syosetu.com/N6408BV
ＴＳ男です。週イチでスーパーなロボットに乗ってます	くわ	空想科学(SF)	https://ncode.syosetu.com/N5627HG
【蒼星のファンファーレ】〜僕をかばって死んでしまった幼馴染の彼女を救うため、二度目の世界では知識チートを活かした最強装備の機動兵器で守り抜く〜	悠木ゆう	空想科学(SF)	https://ncode.syosetu.com/N0739HT
ロボットアニメの艦長キャラに転生したが、このままでは謀殺されてしまいます	甘味亭太丸	空想科学(SF)	https://ncode.syosetu.com/N0214GO
Doggy House Hound	ポチ吉	空想科学(SF)	https://ncode.syosetu.com/N5839EL
現代兵器は異世界に通用するのか　現役自衛官による考察	猛禽類	空想科学(SF)	https://ncode.syosetu.com/N3465HS
腹ペコ要塞は異世界で大戦艦が作りたい - World of Sandbox -	てんてんこ	空想科学(SF)	https://ncode.syosetu.com/N2749HF
銀河連合日本	柗本保羽	空想科学(SF)	https://ncode.syosetu.com/N5084BV
終末未来に転生して新人類最初の【ママ】となった私、旧人類からは悪魔と呼ばれてしまう。　ーヘキサゴナル・ギルティ・クレイドルー	阿澄飛鳥	空想科学(SF)	https://ncode.syosetu.com/N0151HZ
「気が触れている」と王家から追い出された俺は、自説通りに超古代銀河帝国の植民船を発見し大陸最大国家を建国する。　～今さら帰って来てくれと言っても、もう遅い！　超テクノロジーを駆使した俺の建国史～	英　慈尊	空想科学(SF)	https://ncode.syosetu.com/N8731GS
「「神と呼ばれ、魔王と呼ばれても」」	しまもん（なろう版）	空想科学(SF)	https://ncode.syosetu.com/N4845EC
玉葱とクラリオン	水月一人	空想科学(SF)	https://ncode.syosetu.com/N0632DB
未来世界には古流がない！～対戦格闘型ＸＲゲームで古流剣術を使ったら掲示板がざわついた～	鼻から牛肉／樋辻臥命	空想科学(SF)	https://ncode.syosetu.com/N0170HH
科学ごはん	たなか	空想科学(SF)	https://ncode.syosetu.com/N9114IB
回転刑務所	たなか	空想科学(SF)	https://ncode.syosetu.com/N2286IB
サンタさんは絶滅しました	瘴気領域	空想科学(SF)	https://ncode.syosetu.com/N5801HZ
貞操観念が逆転した宇宙人の軍隊でエースパイロットの俺だけが唯一男な話【書籍化決定！】	寒天ゼリヰ	空想科学(SF)	https://ncode.syosetu.com/N2655GV
森の神による非人道的無制限緑化計画	赤森蛍石	空想科学(SF)	https://ncode.syosetu.com/N8766FE
人類が増えすぎたので減らしてほしいと頼まれました【本編完結済】	にゃんきち	空想科学(SF)	https://ncode.syosetu.com/N0859FA
プニキとはじめるリーグ運営　～野球ゲーム？作って運営します～	ブーブママ	空想科学(SF)	https://ncode.syosetu.com/N4212EH
砂漠と鋼とおっさんと	ゴエモン	空想科学(SF)	https://ncode.syosetu.com/N6608GZ
【 祓 い 屋 神 薙 蒐 集 目 録 】	塩谷 文庫歌	空想科学(SF)	https://ncode.syosetu.com/N2019IB
家に帰るまでが冒険です	雲丹屋	空想科学(SF)	https://ncode.syosetu.com/N2902GB
戦闘国家日本　(自衛隊かく戦えり)	ケイ	空想科学(SF)	https://ncode.syosetu.com/N1346FO
Doggy House Hound(s)	ポチ吉	空想科学(SF)	https://ncode.syosetu.com/N5400GO
【完結済】INVISIBLE-インヴィジブル-（EP1）	高山 理図 	空想科学(SF)	https://ncode.syosetu.com/N8234J
善意で舗装された道	彼岸花	空想科学(SF)	https://ncode.syosetu.com/N6971FQ
日本時空異聞録	笠三和大	空想科学(SF)	https://ncode.syosetu.com/N5773FB
ベネディツィオーネ・インビジビレ　～見えざる”もの”に祝福を～	猫耳猫助	空想科学(SF)	https://ncode.syosetu.com/N8657HZ
蒼龍の爪痕～わしジジイ、白髪少女になる。あと龍娘にもなれる～	東山統星	空想科学(SF)	https://ncode.syosetu.com/N8839IB
アナザー・リバース　～未来への復讐～	峪房四季	空想科学(SF)	https://ncode.syosetu.com/N6783HZ
俺のロボ	温泉卵	空想科学(SF)	https://ncode.syosetu.com/N1827CJ
転生歴女に異世界チートはできない	平沢ヌル	空想科学(SF)	https://ncode.syosetu.com/N7244HV
銀河連合日本 The Next Era	柗本保羽	空想科学(SF)	https://ncode.syosetu.com/N9392DP
天孫来航	扶桑かつみ	空想科学(SF)	https://ncode.syosetu.com/N4679GE
Knife Sheath	[LEC1EN]	空想科学(SF)	https://ncode.syosetu.com/N1456FV
悠久の機甲歩兵	竹氏	空想科学(SF)	https://ncode.syosetu.com/N1566FU
鷹と真珠の門	paiちゃん	空想科学(SF)	https://ncode.syosetu.com/N3322GV
カスタネットへようこそ	ＭＵＭＵ	空想科学(SF)	https://ncode.syosetu.com/N6271FZ
死人たちのアガルタ	ねくろん＠なろう	空想科学(SF)	https://ncode.syosetu.com/N0713HX
ウシを食べにいかないか？	アザとー	空想科学(SF)	https://ncode.syosetu.com/N5871IB
【鑑定スキルなしの錬金術師物語】色彩能力者の錬金術師	空松蓮司@２シリーズ書籍化	空想科学(SF)	https://ncode.syosetu.com/N1085HW
１０年前の私へ。ついに薄皮クリームパンの内容量が１個から０個になりました。	たなか	空想科学(SF)	https://ncode.syosetu.com/N8554HY
スーパーパワースーツ	雉白書屋	空想科学(SF)	https://ncode.syosetu.com/N2601IB
ミーンワイル・イン・フロントライン	戸塚　両一点	空想科学(SF)	https://ncode.syosetu.com/N6699IA
異星の砂漠にて、人型機械は躍動す――ＭＥＴＡＬＩＣ/ＭＡＮＥＵＶＥＲＳ	中文字	空想科学(SF)	https://ncode.syosetu.com/N7994ET
拡張現実におおわれた世界で	pura	空想科学(SF)	https://ncode.syosetu.com/N7192IB
異世界還りのおっさんは終末世界で無双する【コミック二巻発売中！】	羽々音色	パニック(SF)	https://ncode.syosetu.com/N9870GD
【第三部開始！！】無職マンのゾンビサバイバル生活。【第二部完結！！】	秋津モトノブ	パニック(SF)	https://ncode.syosetu.com/N0308HA
滅亡世界と安価スレ	西沢東＠コミカライズ企画進行中！	パニック(SF)	https://ncode.syosetu.com/N6461HV
復讐者が征くゾンビサバイバル【第三章完】	Mobyus	パニック(SF)	https://ncode.syosetu.com/N4014HF
船が沈没して大海原に取り残されたオッサンと女子高生の漂流サバイバル＆スローライフ	かるちぇ@オッサンJK漂流記	パニック(SF)	https://ncode.syosetu.com/N4005GV
ゾンビな世界じゃ婚約破棄とか気にしてられませんので	繰目来夏（猫派）	パニック(SF)	https://ncode.syosetu.com/N7957HP
僕以外の人類はＶＲ空間に移住した	佩ロッシュ	パニック(SF)	https://ncode.syosetu.com/N9300FZ
メリーさん・イン・ゾンビアポカリプス～瓦礫に埋まって数十年。やっと地上に出れたと思ったら人類が滅亡寸前なんですが？～	瘴気領域	パニック(SF)	https://ncode.syosetu.com/N1409HJ
プラント　～植物が人類に牙を剥くとき～	兎津母	パニック(SF)	https://ncode.syosetu.com/N4410HW
バス停・オブ・ザ・デッド　～ボクはゾンビゲームにＴＳ転生した！	どくどく	パニック(SF)	https://ncode.syosetu.com/N7514HU
ゾンビがうろつく世界になったら異世界から帰ってきた俺はどうする？　ゾンビを相手に無双するよりも生き長らえるためにどこかで拠点を作りたい	蛸山烏賊ノ介	パニック(SF)	https://ncode.syosetu.com/N3554FY
異世界帰り・オブ・ザ・デッド	時をかけたい少女	パニック(SF)	https://ncode.syosetu.com/N6582GT
その国の終焉	高月水都	パニック(SF)	https://ncode.syosetu.com/N1066HN
ゲームオブザデッド　〜現実にゾンビや巨大怪獣が出現したけど、なんか謎の能力に目覚めたので、とりあえず両方ともぶっ殺していきます〜	空夜風あきら	パニック(SF)	https://ncode.syosetu.com/N1332HX
破滅から復興しようとしてる所に襲いかかってくるから撃退して守るしかない	よぎそーと／ファンティアやってる	パニック(SF)	https://ncode.syosetu.com/N9460HV
どんなに成功してもすぐに破滅するのは、神がもてあそんでいたから、だから神を巻き添えにして不幸になってもらう	よぎそーと／ファンティアやってる	パニック(SF)	https://ncode.syosetu.com/N9501HV
不死の配送人	ヘロー天気	パニック(SF)	https://ncode.syosetu.com/N4000DT
終わる世界の救い方　～超人となった少年少女たちの生涯、不思議と驚きに満ちた冒険：ゾンビだらけの世の中で、いかにして彼らが終末を生き抜く術を学んだか～	蒼蟲夕也	パニック(SF)	https://ncode.syosetu.com/N4593HP
JK無双　終わる世界の救い方 	蒼蟲夕也	パニック(SF)	https://ncode.syosetu.com/N9530CY
スローライフ・オブ・ザ・デッド	ぺんぎん	パニック(SF)	https://ncode.syosetu.com/N7645FI
終末ぼっちは生き残り少女と話したい	ヒトのフレンズ	パニック(SF)	https://ncode.syosetu.com/N7053GT
核シェルター付きマンションを相続した男が快適に引き籠る物語	グレゴリー	パニック(SF)	https://ncode.syosetu.com/N2761GB
終末世界になって俺はゾンビになったが、それでも幼馴染だけは絶対守ってみせる！	ポンポン帝国	パニック(SF)	https://ncode.syosetu.com/N6077HY
堕天使の見た夢	赤井&quot;CRUX&quot;錠之介	パニック(SF)	https://ncode.syosetu.com/N0976IB
ノアの学園～国父とよばれた高校生～	大塚　可修	パニック(SF)	https://ncode.syosetu.com/N3727HR
ゾンビから世界を救うはずだった男の異世界召喚	ジェームズ・リッチマン	パニック(SF)	https://ncode.syosetu.com/N0885FF
幸運度極振りの俺はガチャスキルを手に入れた瞬間に最強になってしまっていた件について	アルタイル	パニック(SF)	https://ncode.syosetu.com/N8168IB
予知と解析	こる．	パニック(SF)	https://ncode.syosetu.com/N5197HB
戦闘予報　－死傷確率は５％です。－	しゅう　かいどう	パニック(SF)	https://ncode.syosetu.com/N9275ET
少年Ｚ	髙田野人	パニック(SF)	https://ncode.syosetu.com/N8362DK
最後を見届けない為に	嶋野夕陽	パニック(SF)	https://ncode.syosetu.com/N6851HX
山の中に入る事は出来るけど、下山しようとしたら命がなくなった	よぎそーと／ファンティアやってる	パニック(SF)	https://ncode.syosetu.com/N9508HV
アクティブ・パンデミック	コロンビア	パニック(SF)	https://ncode.syosetu.com/N3123CO
この地球という星とラーメンは美しい。	あめだま	パニック(SF)	https://ncode.syosetu.com/N7311IB
小説投稿サイトでランキング一位を取らないと出られない部屋	理不尽な孫の手	パニック(SF)	https://ncode.syosetu.com/N1077EB
レッドサンブラックムーン -機密解除された第二次大戦における＜異世界からの干渉＞および＜魔獣との戦闘＞に関する記録と証言について-	弐進座	パニック(SF)	https://ncode.syosetu.com/N1743FB
終焉のコドク	百舌巌	パニック(SF)	https://ncode.syosetu.com/N0845CA
20XX年。地球は未知の感染症にみまわれた。	歩芽川ゆい	パニック(SF)	https://ncode.syosetu.com/N5265HE
極東大戦――朝鮮・台湾同時危機！自衛隊緊急派遣！――	河畑濤士	パニック(SF)	https://ncode.syosetu.com/N5868HB
世界がゾンビで滅びましたが親友♂がTS美少女になった俺はそれどころじゃない	瘴気領域	パニック(SF)	https://ncode.syosetu.com/N0461HM
キャンプで出会った連中がたどった顛末	よぎそーと／ファンティアやってる	パニック(SF)	https://ncode.syosetu.com/N9522HV
星姫計画	クンスト	パニック(SF)	https://ncode.syosetu.com/N0669FB
ガルディシア帝国の興亡	酒精四十度	パニック(SF)	https://ncode.syosetu.com/N6624GQ
生物群、噴出ス	onyx	パニック(SF)	https://ncode.syosetu.com/N6108HT
悪人が賞賛される世の中で	よぎそーと／ファンティアやってる	パニック(SF)	https://ncode.syosetu.com/N9416HV
やるべき事を放棄して無用な騒動を引き起こすのだから、それに乗っかってどこまでも行こう	よぎそーと／ファンティアやってる	パニック(SF)	https://ncode.syosetu.com/N9479HV
ファンタジック・グレード・ゲーム	広瀬妟子	パニック(SF)	https://ncode.syosetu.com/N7650IB
北海道オブザデッド！？	南野　雪花	パニック(SF)	https://ncode.syosetu.com/N0194FN
[連載版] トロル	舛本つたな	パニック(SF)	https://ncode.syosetu.com/N7797GG
プレッパー・サバイバー〜ゾンビ？地震？終わった世界で必要なのはチートでなく知識です。俺を追い出したクラスメイト、今更戻ってきてと言ってももう遅い！〜	山田 時裕	パニック(SF)	https://ncode.syosetu.com/N6929GW
うっかり湖に斧を落としたら　怒った神が浮上した	瀬嵐しるん	童話(その他)	https://ncode.syosetu.com/N0362HY
それから後のシンデレラ	瀬嵐しるん	童話(その他)	https://ncode.syosetu.com/N4854HY
 国守りの魔法使いと黒羊のハインリヒ	彩瀬あいり	童話(その他)	https://ncode.syosetu.com/N7788HZ
ちょっとだけ夢の無い三匹の子ぶた	しいたけ	童話(その他)	https://ncode.syosetu.com/N0171IB
仕切り屋 シンデレラ	瀬嵐しるん	童話(その他)	https://ncode.syosetu.com/N5919HX
夜の女神と姫君と……	瀬嵐しるん	童話(その他)	https://ncode.syosetu.com/N2491IA
捨て子のエイプリルと、忘れられたぬいぐるみの王子さま	石河 翠	童話(その他)	https://ncode.syosetu.com/N1843HZ
魔法使いはとっくに来てた	瀬嵐しるん	童話(その他)	https://ncode.syosetu.com/N9271HX
まんまるドラゴン	猫じゃらし	童話(その他)	https://ncode.syosetu.com/N9991IA
ニホンミツバチ	平民のひろろさん	童話(その他)	https://ncode.syosetu.com/N8598IB
たぁくんの６階	石江京子	童話(その他)	https://ncode.syosetu.com/N3763IA
童話やけんど、ほんとにあった話ばい（おいちゃんの、ちょっと昔のお話）	ソウ　マチ	童話(その他)	https://ncode.syosetu.com/N1636IB
ナナちゃんのクールなぬいぐるみ	砂臥 環	童話(その他)	https://ncode.syosetu.com/N3991IA
ずっとぬくぬく！	梨香	童話(その他)	https://ncode.syosetu.com/N2671HY
百	輪二	童話(その他)	https://ncode.syosetu.com/N1860HZ
ぬいぬいとぐるぐる	千東風子	童話(その他)	https://ncode.syosetu.com/N6158HZ
名もなき女神はサービス過剰	瀬嵐しるん	童話(その他)	https://ncode.syosetu.com/N8047HX
狼と子山羊たち	瀬嵐しるん	童話(その他)	https://ncode.syosetu.com/N9312HX
ただしいぬいぐるみは、うごきません。そうでしょう？	砂礫零	童話(その他)	https://ncode.syosetu.com/N4137IA
ちぃちゃんと可愛くないぬいぐるみ	柊 風水	童話(その他)	https://ncode.syosetu.com/N9243HZ
少女は雲を洗う	瀬嵐しるん	童話(その他)	https://ncode.syosetu.com/N1727HX
ひとりぼっちの王様とわたし	日室千種	童話(その他)	https://ncode.syosetu.com/N4173IA
満ちゆく白の月の宵	空原海	童話(その他)	https://ncode.syosetu.com/N8425IA
AIに「かちかち山」をかかせたらこうなった。	くろねこ	童話(その他)	https://ncode.syosetu.com/N7681IB
ぬいぐるみのお直しやさん	黒イ卵	童話(その他)	https://ncode.syosetu.com/N4318IA
泉の女神に恋をした俺は金の斧も銀の斧もいらない。	しいたけ	童話(その他)	https://ncode.syosetu.com/N7213GF
ひきょうなばあさん	目傘アカナ	童話(その他)	https://ncode.syosetu.com/N3207HY
大統領のぬいぐるみ	もちこみこんにゃく	童話(その他)	https://ncode.syosetu.com/N1950HZ
まっくらやみの袋の中で　〜クマのぬいぐるみがプレゼント袋から外へ出るまでのお話〜	久藤ナツメ	童話(その他)	https://ncode.syosetu.com/N4584HZ
まっくろぐるみ バーシー	近衛モモ	童話(その他)	https://ncode.syosetu.com/N4467HZ
モッピ　～優しい灰色うさぎ～	倉紀ノウ	童話(その他)	https://ncode.syosetu.com/N6138HZ
己を分かち　負を喰らう	日浦海里	童話(その他)	https://ncode.syosetu.com/N2925IB
各方面に配慮した桃次郎と桃子[かくほうめんにはいりょしたももじろうとももこ]（順不同）≪ふりがなつき≫【There’s English】	たなか	童話(その他)	https://ncode.syosetu.com/N9759GX
びーちゃんのしっぽはいたいいたい	瑞月風花	童話(その他)	https://ncode.syosetu.com/N9377HZ
１万回生きて、１万のぬいぐるみを幸せにした、１万のぬいぐるみの話	楽弓	童話(その他)	https://ncode.syosetu.com/N9719HZ
王様の大きなベッド	砂臥 環	童話(その他)	https://ncode.syosetu.com/N2985GP
雪降る夜、思い出を重ねて	たろんぱす	童話(その他)	https://ncode.syosetu.com/N3593HZ
ぬいぐるみたちとクリスマスのよぞら	水渕成分	童話(その他)	https://ncode.syosetu.com/N7579HZ
金色に輝く帆の船で	海野宵人	童話(その他)	https://ncode.syosetu.com/N3150HU
流れ星と皇子	小田 ヒロ	童話(その他)	https://ncode.syosetu.com/N4030HJ
アイスクリームのきもち	しいな　ここみ	童話(その他)	https://ncode.syosetu.com/N4188IB
可愛いウィニー	梨香	童話(その他)	https://ncode.syosetu.com/N0488CI
公園のベンチに喋って動くとりとねこのぬいぐるみがいた話。	やまだのぼる	童話(その他)	https://ncode.syosetu.com/N0290IA
ヘーゼと不機嫌な黒猫のぬいぐるみ	美雪	童話(その他)	https://ncode.syosetu.com/N8984HZ
雪の悪魔と古布の騎士	黒森  冬炎	童話(その他)	https://ncode.syosetu.com/N1955HZ
ぬいぐるみとサヨナラする日	歌池 聡	童話(その他)	https://ncode.syosetu.com/N7748HZ
クリスマスプレゼント	sousou	童話(その他)	https://ncode.syosetu.com/N6400HZ
お父さまが『けいやくけっこん』したおあいては、イケメンマッチョなお兄さまでした。	砂礫零	童話(その他)	https://ncode.syosetu.com/N4946HK
スライムのよろず屋さん　～すごいけどすごくないお店に今日も遊びに行きます～	森野	童話(その他)	https://ncode.syosetu.com/N4085EL
はむたんはとってもだいじ	jima	童話(その他)	https://ncode.syosetu.com/N5328HZ
ざまぁが嫌いのエッセイを読んで……それはちょっとどうなのか？　と思った話（追記あり）	如月　雪名	詩(その他)	https://ncode.syosetu.com/N8154IA
熊エッセイ2023	熊ノ翁	詩(その他)	https://ncode.syosetu.com/N3334IB
賞味期限が三週間切れていたヨーグルトを食べてもお腹を壊さなかった私が、ある料理でお腹を壊した話	黒星★チーコ	詩(その他)	https://ncode.syosetu.com/N2960IB
異世界に住んでるわけじゃないけれど、自宅で石鹸を作り続けている。	コロン	詩(その他)	https://ncode.syosetu.com/N7945IA
本格ファンタジーでなろう系に勝つには？　今よりももっと読まれたいあなたがやるべき事(オマケ更新)	長谷川凸蔵	詩(その他)	https://ncode.syosetu.com/N8573IB
活字嫌いだった息子が、なろう発のアニメを観て読書を始めた話	ざっきー	詩(その他)	https://ncode.syosetu.com/N0698IB
皆さまは、手袋を使う時なんと呼びますか？	ひだまりのねこ	詩(その他)	https://ncode.syosetu.com/N2556IB
なにもかも嫌になったらセルフリセットしてみるといいですよ	たらこくちびる毛	詩(その他)	https://ncode.syosetu.com/N3880IB
あなたが得意なことってなんですか？	たらこくちびる毛	詩(その他)	https://ncode.syosetu.com/N7682IB
あー、またか。　～退会済みの文字～	愛猫家　奴隷乙	詩(その他)	https://ncode.syosetu.com/N7590IA
小説家になろうの読者とその働きについて 〜今のランキングを作っているのは誰なのか？〜	新大宮@作品紹介エッセイ始めました。	詩(その他)	https://ncode.syosetu.com/N6232IB
福井県池田町「池田暮らしの七か条」における一考察	加藤　良介	詩(その他)	https://ncode.syosetu.com/N7666IB
私は「飲み物をくるくる混ぜない職業病」あなたにも職業病はありませんか？	コロン	詩(その他)	https://ncode.syosetu.com/N0195IB
「なろう」に対してなら、何を言ってもいいのか？	JEDI_tkms1984	詩(その他)	https://ncode.syosetu.com/N4717IB
北海道あるある~本州の人には通じない道民の常識~	はせ	詩(その他)	https://ncode.syosetu.com/N8404IB
ヒロインに何着せる？～キャラクターお洋服講座！～【現代恋愛作家様向け】	殿水結子	詩(その他)	https://ncode.syosetu.com/N2669IB
『書籍化マウント』って、なんやねん	桜橋あかね	詩(その他)	https://ncode.syosetu.com/N9806IA
独断と偏見：MHWに見る近隣アジア人の傾向	能條_乃輔	詩(その他)	https://ncode.syosetu.com/N1345IB
まだ２月なのに、今年１番の大事件！　〜米アレルギーになったよ！〜	幻邏	詩(その他)	https://ncode.syosetu.com/N8969IB
男主人公作品のヒロインへの好み	音乃　響	詩(その他)	https://ncode.syosetu.com/N7621IB
私が紡ぐ『僕』の物語 -教授はそれを『クロスジェンダーパフォーマンス』と呼んだ-	未来屋　環	詩(その他)	https://ncode.syosetu.com/N7260IB
理解に苦しむ人々	行き止まり	詩(その他)	https://ncode.syosetu.com/N7322IA
「小説家になろう」サイトで知り合った夫との馴れ初めエッセイ	チャーコ	詩(その他)	https://ncode.syosetu.com/N7243IB
読み専が紹介する『なろうお気に入り作品』	ひょろ	詩(その他)	https://ncode.syosetu.com/N5553DX
新プリキュアに思う～男子というだけで何故「悲報」！？～	kayako	詩(その他)	https://ncode.syosetu.com/N4624IB
創作者にとってのAIは異世界からやってきたチート主人公に似ている	ひだまりのねこ	詩(その他)	https://ncode.syosetu.com/N3833IB
難解な事柄を分かりやすく書く大切さ　	愛猫家　奴隷乙	詩(その他)	https://ncode.syosetu.com/N1315IB
「連載候補の短編です」「連載希望なら評価お願いします」←なんじゃそりゃ？	エッセイ戦士読み専	詩(その他)	https://ncode.syosetu.com/N5881IA
シベリア抑留兵の祖父を想う	くまの　ほたり	詩(その他)	https://ncode.syosetu.com/N9516IA
推しの布教の難しさをヴィーガンの人に学んだお話。	青山めぇめぇ	詩(その他)	https://ncode.syosetu.com/N2820IB
なろう系とは何か	倉名まさ	詩(その他)	https://ncode.syosetu.com/N6096IB
なろう系が書けません。ついつい自分の趣味に走ってしまいます、というあなたへ	harao	詩(その他)	https://ncode.syosetu.com/N1277IB
『ビキニアーマー』のオシャレな新呼称！？	黒鯛の刺身♪	詩(その他)	https://ncode.syosetu.com/N9080IA
思い立ったらガトーショコラを真夜中に作ろう	デンセン	詩(その他)	https://ncode.syosetu.com/N6791IB
増やそう！エッセイの新着作品！	晴杏	詩(その他)	https://ncode.syosetu.com/N0076IB
『小説家になろう』大規模サーバメンテナンスにおける、『ぼくがかんがえたさいきょうのさくせん』　その実践と結果	鶴舞麟太郎	詩(その他)	https://ncode.syosetu.com/N3766IB
小説家になろうの改善案	惜本大祐	詩(その他)	https://ncode.syosetu.com/N6133IB
回転寿司の迷惑行為	HOT-T	詩(その他)	https://ncode.syosetu.com/N1823IB
お仕事のお電話。残念な人がぶっ込んでくる珍事件。	幻邏	詩(その他)	https://ncode.syosetu.com/N5619IB
こうして、病院嫌いは出来上がる。	幻邏	詩(その他)	https://ncode.syosetu.com/N7769IB
中の人が、物語を綴る理由　”　物語を書きたい！　人の心に残る何かが有る様な、そんな物語を綴りたい！　”	龍槍　椀	詩(その他)	https://ncode.syosetu.com/N4126IB
私が批判的感想も欲しい理由	しいな　ここみ	詩(その他)	https://ncode.syosetu.com/N3933IB
ヒーラーをお求めなら異世界へお願いします	事務子	詩(その他)	https://ncode.syosetu.com/N4001IB
帯状疱疹のハナシ	たんばりん	詩(その他)	https://ncode.syosetu.com/N5837IB
珍しい不運を体験したので、そろそろ幸運が舞い込んでほしい。	幻邏	詩(その他)	https://ncode.syosetu.com/N1083IB
「小説家になろう」には攻略法がある！	えぞぎんぎつね	詩(その他)	https://ncode.syosetu.com/N2778HZ
私は筆を折った	三屋城衣智子	詩(その他)	https://ncode.syosetu.com/N0715IB
映画を観に行った話	江葉	詩(その他)	https://ncode.syosetu.com/N3099IB
うちの周りは撮影が多いので気をつけています。	コロン	詩(その他)	https://ncode.syosetu.com/N9164IB
ハイファンタジー感覚でナーロッパを詳細に書いて見るために【現実中世世界】と【ファンタジー的中世風世界】について作品執筆遅らせて考察してみた。	美風慶伍	詩(その他)	https://ncode.syosetu.com/N5279IB
虹の恋歌	こまの柚里	エッセイ(その他)	https://ncode.syosetu.com/N1209IA
あんたは何がしたいのよ	柴野いずみ	エッセイ(その他)	https://ncode.syosetu.com/N1678IB
愚者の恋	しましまにゃんこ	エッセイ(その他)	https://ncode.syosetu.com/N6445IB
咲くやこの花　風待草	momo_Ö	エッセイ(その他)	https://ncode.syosetu.com/N1281IB
馬鹿にしてるの？	キハ	エッセイ(その他)	https://ncode.syosetu.com/N9565IA
くちなし	咲月そら	エッセイ(その他)	https://ncode.syosetu.com/N8312IA
姫巫女の詩　	七海 糸	エッセイ(その他)	https://ncode.syosetu.com/N3278IB
みゃあみゃあ鳴くこねこさん	平民のひろろさん	エッセイ(その他)	https://ncode.syosetu.com/N8352IA
書いてゆくこと	あるいてゆくひと	エッセイ(その他)	https://ncode.syosetu.com/N8906IB
明るい気持ちで	日野　そね	エッセイ(その他)	https://ncode.syosetu.com/N8714IA
月の微笑み、春を想う風	逢乃　雫	エッセイ(その他)	https://ncode.syosetu.com/N6467IB
カノープスは、星空と大地のあいだに	逢乃　雫	エッセイ(その他)	https://ncode.syosetu.com/N7801IA
蒼天のニライカナイ	昼咲月見草	エッセイ(その他)	https://ncode.syosetu.com/N1473IB
虹の星の彼方に、春はきっと	逢乃　雫	エッセイ(その他)	https://ncode.syosetu.com/N4031IB
星が降りそうな夜に	ひだまりのねこ	エッセイ(その他)	https://ncode.syosetu.com/N9890IB
たとえあなたがわたしを見ていなくても	柴野いずみ	エッセイ(その他)	https://ncode.syosetu.com/N5833IA
冷たい人	咲月そら	エッセイ(その他)	https://ncode.syosetu.com/N9453IA
冬のアルビレオと星の風	逢乃　雫	エッセイ(その他)	https://ncode.syosetu.com/N0660IB
無視すれば？	キハ	エッセイ(その他)	https://ncode.syosetu.com/N7063IB
ごめんなさい、ちょっと待ってください	柴野いずみ	エッセイ(その他)	https://ncode.syosetu.com/N5750IB
自己紹介が泣いている	シサマ	エッセイ(その他)	https://ncode.syosetu.com/N8553IA
　即興詩　セカイ	みなはら	エッセイ(その他)	https://ncode.syosetu.com/N0632IB
僕は応援するよ	いでっち51号	エッセイ(その他)	https://ncode.syosetu.com/N6493IB
星の数ほど言葉を撒き散らして	時空　まほろ	エッセイ(その他)	https://ncode.syosetu.com/N8409IB
うちゃぎ	徳田タクト	エッセイ(その他)	https://ncode.syosetu.com/N6249IB
今、愛する貴方に伝えたい	時空　まほろ	エッセイ(その他)	https://ncode.syosetu.com/N2699IB
空	Libra	エッセイ(その他)	https://ncode.syosetu.com/N7530IB
言葉が出てこない	柴野いずみ	エッセイ(その他)	https://ncode.syosetu.com/N6859IB
大切なあなたとあなたへ	momo_Ö	エッセイ(その他)	https://ncode.syosetu.com/N4610IB
午前5時：散歩の模様　～心の保存～	白夜いくと	エッセイ(その他)	https://ncode.syosetu.com/N6347IB
卵と牛乳と小麦と楓	日浦海里	エッセイ(その他)	https://ncode.syosetu.com/N4829IB
こころぼし　―心星―	三屋城衣智子	エッセイ(その他)	https://ncode.syosetu.com/N2681IB
龍の雨	しいな　ここみ	エッセイ(その他)	https://ncode.syosetu.com/N8181IB
アケルナルと、星のせせらぎ	逢乃　雫	エッセイ(その他)	https://ncode.syosetu.com/N9381IB
空にとける桃色	折原琴子	エッセイ(その他)	https://ncode.syosetu.com/N6092IB
ねえそんな些細な言葉でさえ……覚えてるんだよ？	キハ	エッセイ(その他)	https://ncode.syosetu.com/N3093IB
南天	昼咲月見草	エッセイ(その他)	https://ncode.syosetu.com/N0382IB
僕の好きなもの	いでっち51号	エッセイ(その他)	https://ncode.syosetu.com/N6487IB
ボクっ娘の幼馴染はヘタレ。	陸　なるみ	エッセイ(その他)	https://ncode.syosetu.com/N5540IB
人間の理性を消してみました	キハ	エッセイ(その他)	https://ncode.syosetu.com/N8180IA
三月に散る花心	高取和生	エッセイ(その他)	https://ncode.syosetu.com/N6126IB
詩	徳田タクト	エッセイ(その他)	https://ncode.syosetu.com/N7507IB
感想をくださりありがとうございます。	徳田タクト	エッセイ(その他)	https://ncode.syosetu.com/N5641IB
凪	徳田タクト	エッセイ(その他)	https://ncode.syosetu.com/N9979IA
人間のバカヤロー！！！	咲月そら	エッセイ(その他)	https://ncode.syosetu.com/N5690IB
人	徳田タクト	エッセイ(その他)	https://ncode.syosetu.com/N8551IB
傷の深さ比べてるんじゃない貴方はもう傷ついているから	キハ	エッセイ(その他)	https://ncode.syosetu.com/N0005IB
遠すぎる天と狭すぎる地	歌川 詩季	エッセイ(その他)	https://ncode.syosetu.com/N3864IB
見ずに流れる	日浦海里	エッセイ(その他)	https://ncode.syosetu.com/N9103IA
夜	徳田タクト	エッセイ(その他)	https://ncode.syosetu.com/N1862IB
ボク達生活冒険者	シムCM	リプレイ(その他)	https://ncode.syosetu.com/N7962DR
霊は家屋に宿るもの？（タマゲッターハウス：リプレイの怪）	アホリアＳＳ	リプレイ(その他)	https://ncode.syosetu.com/N4034HY
BtoH-TRPGリプレイ・ブレイバーズ・First Season	ひーちゃ	リプレイ(その他)	https://ncode.syosetu.com/N3737DI
『ヴァルプルギスの侵略者たち』　アルシャード・セイヴァーRPGリプレイ	DOH	リプレイ(その他)	https://ncode.syosetu.com/N0191DH
BtoH-TRPGリプレイ・オリジン	ひーちゃ	リプレイ(その他)	https://ncode.syosetu.com/N3925DJ
パワーファンタジーキャンペーンリプレイ	ソォラ	リプレイ(その他)	https://ncode.syosetu.com/N9575DT
グランクレストＲＰＧリプレイ「この命に代えても」	深月　優	リプレイ(その他)	https://ncode.syosetu.com/N2846FI
『なまこ×どりる』TRPGリプレイ！（嘘）	ξ˚⊿˚)ξ ただのぎょー	リプレイ(その他)	https://ncode.syosetu.com/N7608FX
人災派遣TRPGリプレイ	紫電改	リプレイ(その他)	https://ncode.syosetu.com/N1959FZ
もし三國志の呂布がアリストテレスの倫理学を学んだら	かずさん	リプレイ(その他)	https://ncode.syosetu.com/N1926GB
半生ゲーム	池戸悠	リプレイ(その他)	https://ncode.syosetu.com/N3641HF
んもーっ！　どうして水平射撃だと凄いのか――クロスボウは水平射撃をしてない	curuss	リプレイ(その他)	https://ncode.syosetu.com/N8770GZ
知らぬが仏？　　知らないってこと程、怖いことはない？　　あるアメリカ女性の実話です。「改訂版」	観不思議境　非想天	リプレイ(その他)	https://ncode.syosetu.com/N5771HR
ダブルクロスリプレイ「Doki Doki Literature Club!」	月天下の旅人	リプレイ(その他)	https://ncode.syosetu.com/N3670ET
DX3rdリプレイ 「はじめてのだぶるくろす」	雉里ほろろ	リプレイ(その他)	https://ncode.syosetu.com/N3443DX
ダブルクロス　リプレイ『ウィンクラ』　一章	鳴海	リプレイ(その他)	https://ncode.syosetu.com/N3670CL
リサイクルを発展させるには	百（難しい童話）	リプレイ(その他)	https://ncode.syosetu.com/N7852Q
ウェントス物語	爽夏=sayaka=	リプレイ(その他)	https://ncode.syosetu.com/N0907BR
no more	野田伝介	リプレイ(その他)	https://ncode.syosetu.com/N3446GT
空への近道	桜舞い散る冬	リプレイ(その他)	https://ncode.syosetu.com/N7781HA
ダブルクロス　The　3rd Edition リプレイ・フェイブル【天使達の武闘舞踏 ～Angels of Dance Macabre～】	覇王樹覇王	リプレイ(その他)	https://ncode.syosetu.com/N5574CR
歩哨の夜	はまっち（浜地）	リプレイ(その他)	https://ncode.syosetu.com/N8987EC
一蓮托生、繰り返される運命。	劇薬  Gekiyaku	リプレイ(その他)	https://ncode.syosetu.com/N5773EP
Mission in Links -リプレイ・II -	居眠 ノ街	リプレイ(その他)	https://ncode.syosetu.com/N4898CO
暗闇の中で	Robert Tulpe	リプレイ(その他)	https://ncode.syosetu.com/N9977FM
汝、弁論の剣を取れ（常夜国騎士譚RPGドラクルージュ　リプレイ）	名掛	リプレイ(その他)	https://ncode.syosetu.com/N7769EX
GBA FINAL FANTASY 4 アドバンス	パタゴニア・ロウ	リプレイ(その他)	https://ncode.syosetu.com/N0988HF
憎しみの花 -トーキョーＮ◎ＶＡ-	グリップダイス	リプレイ(その他)	https://ncode.syosetu.com/N6111DC
TRPGリプレイ記録	爽夏=sayaka=	リプレイ(その他)	https://ncode.syosetu.com/N6702BG
ダブルクロス3rd　リプレイ　エンブリオ	近江上総	リプレイ(その他)	https://ncode.syosetu.com/N8285DG
ログ・ホライズンTRPGリプレイ　遮光の秘書遺跡	CUTLET	リプレイ(その他)	https://ncode.syosetu.com/N1094CT
富山の売薬さん	新庄雄太郎	リプレイ(その他)	https://ncode.syosetu.com/N4091HU
無気力学生のがんばらない学生運動TRPG	常闇末	リプレイ(その他)	https://ncode.syosetu.com/N6575EL
新しい私	tami	リプレイ(その他)	https://ncode.syosetu.com/N6287FZ
トーキョーN◎VA AX scrap -One Night Biz-	四節雪読	リプレイ(その他)	https://ncode.syosetu.com/N8895FY
アリアンロッド2Eリプレイ「The Lost Capital」	ナバル	リプレイ(その他)	https://ncode.syosetu.com/N7242CQ
転生して、早々推しにあったんだが。	こーすけ。	リプレイ(その他)	https://ncode.syosetu.com/N6408GC
ダブルクロスリプレイ「手繰り糸」	月天下の旅人	リプレイ(その他)	https://ncode.syosetu.com/N2888DO
魔王的樂園	心蔵音	リプレイ(その他)	https://ncode.syosetu.com/N3736GO
閉鎖的空間の中で	めい	リプレイ(その他)	https://ncode.syosetu.com/N7039GT
アリアンロッド2E・リプレイ・ビギナーズ　LV1「この鍋には肉がないっ！」	黒兎そよ	リプレイ(その他)	https://ncode.syosetu.com/N3904CH
『公爵令嬢の華麗なる宮廷事情！？（短編版）』　－SW2.0 Replay Fleurir－	SHIN12	リプレイ(その他)	https://ncode.syosetu.com/N5826DG
鵤の唄	紅莉	リプレイ(その他)	https://ncode.syosetu.com/N3915CH
未来の記憶	望月笑子	リプレイ(その他)	https://ncode.syosetu.com/N8399EE
イリスの冒険記	みみみみ	リプレイ(その他)	https://ncode.syosetu.com/N8303BO
ログ・ホライズンTRPGリプレイ　禁書の御子と未明の賢者	CUTLET	リプレイ(その他)	https://ncode.syosetu.com/N7252CU
ログ・ホライズンＴＲＰＧリプレイ　第３弾　『君臨せしは四の典災』	kirry	リプレイ(その他)	https://ncode.syosetu.com/N6913CI
ダブルクロス　THE　３rd　edition　リプレイ　キャンペーン『カシオペヤ』	ソウル	リプレイ(その他)	https://ncode.syosetu.com/N2607FF
ダブルクロスリプレイ「NightmareSleepingBeauty」	月天下の旅人	リプレイ(その他)	https://ncode.syosetu.com/N3627DM
SW2.0ドラゴンレイドリプレイ『湖国竜撃』	GMあちょー	リプレイ(その他)	https://ncode.syosetu.com/N8740CH
転生喪女の異世界暮らし～魔法と商売、一番最後に恋愛を～	灰猫	その他(その他)	https://ncode.syosetu.com/N9285HY
そんなつもりはなかった？　ではどういうつもりだったのですか	猫宮蒼	その他(その他)	https://ncode.syosetu.com/N2516IB
婚約破棄の落とし穴	江葉	その他(その他)	https://ncode.syosetu.com/N9120IB
どうも、売国奴です	猫宮蒼	その他(その他)	https://ncode.syosetu.com/N9474IA
オカルトもファンタジーも似たようなものでしょう	猫宮蒼	その他(その他)	https://ncode.syosetu.com/N4862IB
ざまぁはとっくに終了しました	猫宮蒼	その他(その他)	https://ncode.syosetu.com/N3128IA
わたしが悪女と罵られることになった理由	あさな	その他(その他)	https://ncode.syosetu.com/N4222HZ
結局何がしたかったのかしら？	猫宮蒼	その他(その他)	https://ncode.syosetu.com/N8215IB
お母様曰くお友達は選びなさいとの事	猫宮蒼	その他(その他)	https://ncode.syosetu.com/N0684IA
都道府県娘バトル選手権～各都道府県を女の子に擬人化させて戦わせてみた・実況編～	たこす	その他(その他)	https://ncode.syosetu.com/N9124IA
ざまぁするのが悪役令嬢だけとは限らない件	猫宮蒼	その他(その他)	https://ncode.syosetu.com/N5197HZ
形見の短剣	海堂　岬	その他(その他)	https://ncode.syosetu.com/N7846IA
友情とかないです	猫宮蒼	その他(その他)	https://ncode.syosetu.com/N1553HZ
正直ギリギリの綱渡りだったかなと思っている	猫宮蒼	その他(その他)	https://ncode.syosetu.com/N7306HZ
旅人は見た	猫宮蒼	その他(その他)	https://ncode.syosetu.com/N7706HZ
大事な事は○○が教えてくれた。	佐藤なつ	その他(その他)	https://ncode.syosetu.com/N5671IB
追放？　あぁ、契約解除って事ですね	猫宮蒼	その他(その他)	https://ncode.syosetu.com/N5470HS
方法なんていくらでもある	猫宮蒼	その他(その他)	https://ncode.syosetu.com/N7799HW
そりゃそうなりますお嬢様	猫宮蒼	その他(その他)	https://ncode.syosetu.com/N3559HY
勇者退治人	浦田　緋色 （ウラタ　ヒイロ）	その他(その他)	https://ncode.syosetu.com/N0346IB
勇者「風評被害だし理不尽！」	猫宮蒼	その他(その他)	https://ncode.syosetu.com/N6579HV
婚約破棄されたけど、大国の皇太子様の婚約者になりました。どうぞ男爵令嬢とお幸せに。	美香	その他(その他)	https://ncode.syosetu.com/N8882IB
え、今更？　手遅れに決まってるじゃないですか	猫宮蒼	その他(その他)	https://ncode.syosetu.com/N0359HT
王子が婚約破棄宣言した結果	猫宮蒼	その他(その他)	https://ncode.syosetu.com/N8220HR
家事男子の言葉に頷きながら。	幻邏	その他(その他)	https://ncode.syosetu.com/N7399IA
原作改変に臨んだ結果	猫宮蒼	その他(その他)	https://ncode.syosetu.com/N1994HT
やらかしたのはそちらです	猫宮蒼	その他(その他)	https://ncode.syosetu.com/N5042HY
職業、人身売買	猫宮蒼	その他(その他)	https://ncode.syosetu.com/N9802IB
どうやらとっくに掌握していたようです	猫宮蒼	その他(その他)	https://ncode.syosetu.com/N9980HX
どっちが悪役令嬢かって話	猫宮蒼	その他(その他)	https://ncode.syosetu.com/N2003HT
モブ子さん鈍感ですよ	猫宮蒼	その他(その他)	https://ncode.syosetu.com/N4463HR
愛だけじゃ生きていけない	猫宮蒼	その他(その他)	https://ncode.syosetu.com/N7557HT
ヒロインが自滅する話	猫宮蒼	その他(その他)	https://ncode.syosetu.com/N3164HR
巻き込まれた僕達は	波留まち（Halmachi）	その他(その他)	https://ncode.syosetu.com/N4406HZ
友情片思い	猫宮蒼	その他(その他)	https://ncode.syosetu.com/N8196HZ
ドンマイです王子様	猫宮蒼	その他(その他)	https://ncode.syosetu.com/N5765HR
大嫌いな令嬢	緑谷めい	その他(その他)	https://ncode.syosetu.com/N8515HX
女子社員のランチ会話が辛辣すぎる件	幻邏	その他(その他)	https://ncode.syosetu.com/N1936IA
【完結】覆水盆に返らず～最悪な初対面なのに好きになるわけない！後悔してももう遅い！～	みなと	その他(その他)	https://ncode.syosetu.com/N6699HH
さようなら、愛しい人	猫宮蒼	その他(その他)	https://ncode.syosetu.com/N3683HV
茶番　婚約破棄	猫宮蒼	その他(その他)	https://ncode.syosetu.com/N1158HU
光り輝く呪いの話	猫宮蒼	その他(その他)	https://ncode.syosetu.com/N7049HU
割烹巻物：活動報告を盛り上げよう	アホリアＳＳ	その他(その他)	https://ncode.syosetu.com/N7963IA
政略結婚だからね、国のためだよ	猫宮蒼	その他(その他)	https://ncode.syosetu.com/N9451HY
異世界コンサル株式会社（旧題：冒険者パーティーの経営を支援します！！）	ダイスケ	その他(その他)	https://ncode.syosetu.com/N0579DC
職人は闇属性	猫宮蒼	その他(その他)	https://ncode.syosetu.com/N6654HT
かげとりむし	長埜 恵	その他(その他)	https://ncode.syosetu.com/N7830IB
《書籍1巻発売中》神様の予言書『俺の未来がアニメでは雑魚死だったので拒否します』　旧題『悪役もみんな生きている』	語部マサユキ	その他(その他)	https://ncode.syosetu.com/N1516GI
できもしない約束をした結果	猫宮蒼	その他(その他)	https://ncode.syosetu.com/N3907HU
ハーレムにだってルールがある	猫宮蒼	その他(その他)	https://ncode.syosetu.com/N9884HS
ログ・ホライズン	橙乃ままれ	ノンジャンル(ノンジャンル)	https://ncode.syosetu.com/N8725K
腕白関白・改定版	そる	ノンジャンル(ノンジャンル)	https://ncode.syosetu.com/N2046BC
裏切られた勇者のその後……	飯田栄静＠市村鉄之助	ノンジャンル(ノンジャンル)	https://ncode.syosetu.com/N0622X
望まない結婚	小鶴	ノンジャンル(ノンジャンル)	https://ncode.syosetu.com/N5254CV
二度目の天使の幸福	右枝	ノンジャンル(ノンジャンル)	https://ncode.syosetu.com/N2032CK
意図せぬ復讐	織方　終	ノンジャンル(ノンジャンル)	https://ncode.syosetu.com/N1543CU
先代勇者は隠居したい(仮題)	タピオカ	ノンジャンル(ノンジャンル)	https://ncode.syosetu.com/N5764BN
おかしな転生　短編集	古流　望	ノンジャンル(ノンジャンル)	https://ncode.syosetu.com/N7259CY
盟約の花嫁	徒然	ノンジャンル(ノンジャンル)	https://ncode.syosetu.com/N6963W
撃ち抜いたのは	歌瑞	ノンジャンル(ノンジャンル)	https://ncode.syosetu.com/N7272U
塔の上の悪役令嬢	相川イナホ	ノンジャンル(ノンジャンル)	https://ncode.syosetu.com/N7107DC
その女、悪女です！　いいえ、それは濡れ衣です。	サディラ	ノンジャンル(ノンジャンル)	https://ncode.syosetu.com/N6864BT
俺の人生ヘルモード	侘寂山葵	ノンジャンル(ノンジャンル)	https://ncode.syosetu.com/N2877U
Witch World	南野海風	ノンジャンル(ノンジャンル)	https://ncode.syosetu.com/N5464BV
蝉だって転生すれば竜になる	あぶさん	ノンジャンル(ノンジャンル)	https://ncode.syosetu.com/N5258BX
しいていうならお前の横を歩いてるのが魔王	たぴ岡	ノンジャンル(ノンジャンル)	https://ncode.syosetu.com/N4371S
ゴブリンスレイヤー	エイキ	ノンジャンル(ノンジャンル)	https://ncode.syosetu.com/N4497CU
悪役令嬢と、その後	北村	ノンジャンル(ノンジャンル)	https://ncode.syosetu.com/N4724CZ
総合魔導学習指導要領マギノ・ゲーム	天川守	ノンジャンル(ノンジャンル)	https://ncode.syosetu.com/N6739BV
攻略なんぞされてたまるか！	井平遼	ノンジャンル(ノンジャンル)	https://ncode.syosetu.com/N6726BE
脇役勇者は光り輝く	三嶋　与夢	ノンジャンル(ノンジャンル)	https://ncode.syosetu.com/N0447BE
杜人記－ゆるゆる土着神－	オーヘム	ノンジャンル(ノンジャンル)	https://ncode.syosetu.com/N1309M
Alexandrite	宮原　ソラ	ノンジャンル(ノンジャンル)	https://ncode.syosetu.com/N8685BT
とある王妃様の失恋	悠十	ノンジャンル(ノンジャンル)	https://ncode.syosetu.com/N9365Y
From The Earth　～地球から来た剣闘士～	Gibson	ノンジャンル(ノンジャンル)	https://ncode.syosetu.com/N1714BJ
Ｍｒ．NO-GOOD´	慎之介	ノンジャンル(ノンジャンル)	https://ncode.syosetu.com/N6544BQ
私、間違っていますか？	織方　終	ノンジャンル(ノンジャンル)	https://ncode.syosetu.com/N1354CU
寒がりなお爺さん	Ｙ．Ａ	ノンジャンル(ノンジャンル)	https://ncode.syosetu.com/N4930DA
黒き聖伝	ヨクイ	ノンジャンル(ノンジャンル)	https://ncode.syosetu.com/N3914BX
ダンジョン発掘物語　	Ｙ．Ａ	ノンジャンル(ノンジャンル)	https://ncode.syosetu.com/N8818BQ
異世界ツーリング	おにぎり	ノンジャンル(ノンジャンル)	https://ncode.syosetu.com/N5587BS
ＨＤの肥やしになっていた端折り戦国物　	Ｙ．Ａ	ノンジャンル(ノンジャンル)	https://ncode.syosetu.com/N6594T
チートだけど宿屋はじめました。	nyonnyon	ノンジャンル(ノンジャンル)	https://ncode.syosetu.com/N1661BA
異世界行商譚	あさ	ノンジャンル(ノンジャンル)	https://ncode.syosetu.com/N5248S
死が二人を分かつとも	秋月	ノンジャンル(ノンジャンル)	https://ncode.syosetu.com/N5887CB
魔術師と夜の魔導書	かんなぎ	ノンジャンル(ノンジャンル)	https://ncode.syosetu.com/N5832CF
心を覘いて	篠井七紗	ノンジャンル(ノンジャンル)	https://ncode.syosetu.com/N3869CB
皇帝陛下の猫	縞白	ノンジャンル(ノンジャンル)	https://ncode.syosetu.com/N7812S
アルテナの箱庭が満ちるまで	赤野用介	ノンジャンル(ノンジャンル)	https://ncode.syosetu.com/N0980BS
第八公女奮闘記	ぶっぽうそう	ノンジャンル(ノンジャンル)	https://ncode.syosetu.com/N0397BC
悪の組織に女幹部がいるでしょ？あれ俺です。	主（ぬし）	ノンジャンル(ノンジャンル)	https://ncode.syosetu.com/N3265BR
側妃に関する上奏状	独蛇夏子	ノンジャンル(ノンジャンル)	https://ncode.syosetu.com/N2036CD
かみしゃまと、いっしょ。	ゼロキ	ノンジャンル(ノンジャンル)	https://ncode.syosetu.com/N5477P
恋に落ちた悪役令嬢	明華けいと	ノンジャンル(ノンジャンル)	https://ncode.syosetu.com/N0286CQ
婚約破棄！？……仕方ないですがそれ相応のものは覚悟してくださいね！！！	圭	ノンジャンル(ノンジャンル)	https://ncode.syosetu.com/N3790CV
魔王様と砂時計～転生したら妖精さんで将来の魔王に病まれる話～番外編	森野どんぐり	ノンジャンル(ノンジャンル)	https://ncode.syosetu.com/N5487DE
チート薬師の異世界旅（旧題:神様？チート異世界転移で薬師旅）	赤雪トナ	ノンジャンル(ノンジャンル)	https://ncode.syosetu.com/N1611BG
異世界で能力者は踊れない	火田シャープ	ノンジャンル(ノンジャンル)	https://ncode.syosetu.com/N7575W
神無の世界	赤雪トナ	ノンジャンル(ノンジャンル)	https://ncode.syosetu.com/N1993BC
混沌より出ずる軍団	皐月二八	ノンジャンル(ノンジャンル)	https://ncode.syosetu.com/N3381BJ
